date,close,return,momentum_20d_positive,pos_BuyHold,ret_BuyHold,equity_BuyHold,event_BDE,pos_BDE,ret_BDE,equity_BDE,event_CSW,pos_CSW,ret_CSW,equity_CSW,event_SADF,pos_SADF,ret_SADF,equity_SADF,event_QADF,pos_QADF,ret_QADF,equity_QADF,event_CADF,pos_CADF,ret_CADF,equity_CADF,event_SMT,pos_SMT,ret_SMT,equity_SMT,event_Consensus,pos_Consensus,ret_Consensus,equity_Consensus
2025-05-30,32.816,0.0,False,1.0,-0.001,0.999,0,0.0,0.0,1.0,0,0.0,0.0,1.0,0,0.0,0.0,1.0,0,0.0,0.0,1.0,0,0.0,0.0,1.0,0,0.0,0.0,1.0,0,0.0,0.0,1.0
2025-05-31,32.671,-0.004418576304241917,False,1.0,-0.004418576304241917,0.9945858422720624,0,0.0,-0.0,1.0,0,0.0,-0.0,1.0,0,0.0,-0.0,1.0,0,0.0,-0.0,1.0,0,0.0,-0.0,1.0,0,0.0,-0.0,1.0,0,0.0,-0.0,1.0
2025-06-01,34.152,0.04533072143491168,False,1.0,0.04533072143491168,1.0396711360312043,0,0.0,0.0,1.0,0,0.0,0.0,1.0,0,0.0,0.0,1.0,0,0.0,0.0,1.0,0,0.0,0.0,1.0,0,0.0,0.0,1.0,0,0.0,0.0,1.0
2025-06-02,36.474,0.0679901616303582,False,1.0,0.0679901616303582,1.110358544612384,0,0.0,0.0,1.0,0,0.0,0.0,1.0,0,0.0,0.0,1.0,0,0.0,0.0,1.0,0,0.0,0.0,1.0,0,0.0,0.0,1.0,0,0.0,0.0,1.0
2025-06-03,36.092,-0.010473213796128644,False,1.0,-0.010473213796128644,1.0987295221843003,0,0.0,-0.0,1.0,0,0.0,-0.0,1.0,0,0.0,-0.0,1.0,0,0.0,-0.0,1.0,0,0.0,-0.0,1.0,0,0.0,-0.0,1.0,0,0.0,-0.0,1.0
2025-06-04,35.632,-0.012745206694004252,False,1.0,-0.012745206694004252,1.0847259873232569,0,0.0,-0.0,1.0,0,0.0,-0.0,1.0,0,0.0,-0.0,1.0,0,0.0,-0.0,1.0,0,0.0,-0.0,1.0,0,0.0,-0.0,1.0,0,0.0,-0.0,1.0
2025-06-05,34.024,-0.045127974854063724,False,1.0,-0.045127974854063724,1.0357745002437835,0,0.0,-0.0,1.0,0,0.0,-0.0,1.0,0,0.0,-0.0,1.0,0,0.0,-0.0,1.0,0,0.0,-0.0,1.0,0,0.0,-0.0,1.0,0,0.0,-0.0,1.0
2025-06-06,33.333,-0.02030919351046323,False,1.0,-0.02030919351046323,1.014738755485129,0,0.0,-0.0,1.0,0,0.0,-0.0,1.0,0,0.0,-0.0,1.0,0,0.0,-0.0,1.0,0,0.0,-0.0,1.0,0,0.0,-0.0,1.0,0,0.0,-0.0,1.0
2025-06-07,34.921,0.04764047640476399,False,1.0,0.04764047640476399,1.0630813932228178,0,0.0,0.0,1.0,0,0.0,0.0,1.0,0,0.0,0.0,1.0,0,0.0,0.0,1.0,0,0.0,0.0,1.0,0,0.0,0.0,1.0,0,0.0,0.0,1.0
2025-06-08,34.984,0.001804072048337657,False,1.0,0.001804072048337657,1.064999268649439,0,0.0,0.0,1.0,0,0.0,0.0,1.0,0,0.0,0.0,1.0,0,0.0,0.0,1.0,0,0.0,0.0,1.0,0,0.0,0.0,1.0,0,0.0,0.0,1.0
2025-06-09,38.848,0.1104504916533271,False,1.0,0.1104504916533271,1.1826289614822032,0,0.0,0.0,1.0,0,0.0,0.0,1.0,0,0.0,0.0,1.0,0,0.0,0.0,1.0,0,0.0,0.0,1.0,0,0.0,0.0,1.0,0,0.0,0.0,1.0
2025-06-10,42.241,0.08734040362438233,False,1.0,0.08734040362438233,1.285920252315943,0,0.0,0.0,1.0,0,0.0,0.0,1.0,0,0.0,0.0,1.0,0,0.0,0.0,1.0,0,0.0,0.0,1.0,0,0.0,0.0,1.0,0,0.0,0.0,1.0
2025-06-11,41.828,-0.009777230652683322,False,1.0,-0.009777230652683322,1.2733475134080934,0,0.0,-0.0,1.0,0,0.0,-0.0,1.0,0,0.0,-0.0,1.0,0,0.0,-0.0,1.0,0,0.0,-0.0,1.0,0,0.0,-0.0,1.0,0,0.0,-0.0,1.0
2025-06-12,40.516,-0.031366548723343324,False,1.0,-0.031366548723343324,1.2334069965870305,0,0.0,-0.0,1.0,0,0.0,-0.0,1.0,0,0.0,-0.0,1.0,0,0.0,-0.0,1.0,0,0.0,-0.0,1.0,0,0.0,-0.0,1.0,0,0.0,-0.0,1.0
2025-06-13,42.297,0.04395794254121821,False,1.0,0.04395794254121821,1.2876250304729397,0,0.0,0.0,1.0,0,0.0,0.0,1.0,0,0.0,0.0,1.0,0,0.0,0.0,1.0,0,0.0,0.0,1.0,0,0.0,0.0,1.0,0,0.0,0.0,1.0
2025-06-14,40.13,-0.05123294796321243,False,1.0,-0.05123294796321243,1.2216562042905899,0,0.0,-0.0,1.0,0,0.0,-0.0,1.0,0,0.0,-0.0,1.0,0,0.0,-0.0,1.0,0,0.0,-0.0,1.0,0,0.0,-0.0,1.0,0,0.0,-0.0,1.0
2025-06-15,41.193,0.026488911039122653,False,1.0,0.026488911039122653,1.2540165468064355,0,0.0,0.0,1.0,0,0.0,0.0,1.0,0,0.0,0.0,1.0,0,0.0,0.0,1.0,0,0.0,0.0,1.0,0,0.0,0.0,1.0,0,0.0,0.0,1.0
2025-06-16,41.918,0.017600077683101567,False,1.0,0.017600077683101567,1.2760873354461235,0,0.0,0.0,1.0,0,0.0,0.0,1.0,0,0.0,0.0,1.0,0,0.0,0.0,1.0,0,0.0,0.0,1.0,0,0.0,0.0,1.0,0,0.0,0.0,1.0
2025-06-17,39.968,-0.0465193950093038,False,1.0,-0.0465193950093038,1.2167245246221354,0,0.0,-0.0,1.0,0,0.0,-0.0,1.0,0,0.0,-0.0,1.0,0,0.0,-0.0,1.0,0,0.0,-0.0,1.0,0,0.0,-0.0,1.0,0,0.0,-0.0,1.0
2025-06-18,39.48,-0.012209767814251538,False,1.0,-0.012209767814251538,1.2018686006825936,0,0.0,-0.0,1.0,0,0.0,-0.0,1.0,0,0.0,-0.0,1.0,0,0.0,-0.0,1.0,0,0.0,-0.0,1.0,0,0.0,-0.0,1.0,0,0.0,-0.0,1.0
2025-06-19,36.876,-0.06595744680851068,True,1.0,-0.06595744680851068,1.1225964163822524,0,0.0,-0.0,1.0,0,0.0,-0.0,1.0,0,0.0,-0.0,1.0,0,0.0,-0.0,1.0,0,0.0,-0.0,1.0,0,0.0,-0.0,1.0,0,0.0,-0.0,1.0
2025-06-20,33.387,-0.09461438333875682,True,1.0,-0.09461438333875682,1.0163826487079473,0,0.0,-0.0,1.0,1,0.0,-0.0,1.0,0,0.0,-0.0,1.0,0,0.0,-0.0,1.0,0,0.0,-0.0,1.0,0,0.0,-0.0,1.0,0,0.0,-0.0,1.0
2025-06-21,34.421,0.030970138077694775,True,1.0,0.030970138077694775,1.0478601596782056,0,0.0,0.0,1.0,0,1.0,0.029970138077694775,1.0299701380776947,0,0.0,0.0,1.0,0,0.0,0.0,1.0,0,0.0,0.0,1.0,0,0.0,0.0,1.0,0,0.0,0.0,1.0
2025-06-22,35.754,0.0387263589088056,False,1.0,0.0387263589088056,1.088439968308142,0,0.0,0.0,1.0,0,1.0,0.0387263589088056,1.0698571313102436,0,0.0,0.0,1.0,0,0.0,0.0,1.0,0,0.0,0.0,1.0,0,0.0,0.0,1.0,0,0.0,0.0,1.0
2025-06-23,38.175,0.06771270347373726,True,1.0,0.06771270347373726,1.1621411811311553,0,0.0,0.0,1.0,0,1.0,0.06771270347373726,1.1423000500019174,0,0.0,0.0,1.0,0,0.0,0.0,1.0,0,0.0,0.0,1.0,0,0.0,0.0,1.0,0,0.0,0.0,1.0
2025-06-24,37.512,-0.017367387033398685,True,1.0,-0.017367387033398685,1.1419578254509994,0,0.0,-0.0,1.0,0,1.0,-0.017367387033398685,1.1224612829252634,0,0.0,-0.0,1.0,0,0.0,-0.0,1.0,0,0.0,-0.0,1.0,0,0.0,-0.0,1.0,0,0.0,-0.0,1.0
2025-06-25,37.016,-0.013222435487310835,True,1.0,-0.013222435487310835,1.1268583617747439,0,0.0,-0.0,1.0,0,1.0,-0.013222435487310835,1.10761961102478,0,0.0,-0.0,1.0,0,0.0,-0.0,1.0,0,0.0,-0.0,1.0,0,0.0,-0.0,1.0,0,0.0,-0.0,1.0
2025-06-26,35.803,-0.03276961314026372,True,1.0,-0.03276961314026372,1.0899316491955142,0,0.0,-0.0,1.0,0,1.0,-0.03276961314026372,1.0713233448649286,0,0.0,-0.0,1.0,0,0.0,-0.0,1.0,0,0.0,-0.0,1.0,0,0.0,-0.0,1.0,0,0.0,-0.0,1.0
2025-06-27,36.622,0.02287517805770478,True,1.0,0.02287517805770478,1.1148640297415895,0,0.0,0.0,1.0,0,1.0,0.02287517805770478,1.0958300571360897,0,0.0,0.0,1.0,0,0.0,0.0,1.0,0,0.0,0.0,1.0,0,0.0,0.0,1.0,0,0.0,0.0,1.0
2025-06-28,37.798,0.03211184533886735,True,1.0,0.03211184533886735,1.1506643710385178,0,0.0,0.0,1.0,0,1.0,0.03211184533886735,1.131019182448526,0,0.0,0.0,1.0,0,0.0,0.0,1.0,0,0.0,0.0,1.0,0,0.0,0.0,1.0,0,0.0,0.0,1.0
2025-06-29,39.775,0.05230435472776329,True,1.0,0.05230435472776329,1.2108491284739151,0,0.0,0.0,1.0,0,1.0,0.05230435472776329,1.1901764109712185,0,0.0,0.0,1.0,0,0.0,0.0,1.0,0,0.0,0.0,1.0,0,0.0,0.0,1.0,0,0.0,0.0,1.0
2025-06-30,39.55,-0.0056568196103080615,False,1.0,-0.0056568196103080615,1.2039995733788396,0,0.0,-0.0,1.0,0,1.0,-0.0056568196103080615,1.1834437977099104,0,0.0,-0.0,1.0,0,0.0,-0.0,1.0,0,0.0,-0.0,1.0,0,0.0,-0.0,1.0,0,0.0,-0.0,1.0
2025-07-01,36.909,-0.06677623261694055,False,1.0,-0.06677623261694055,1.123601017796197,0,0.0,-0.0,1.0,0,1.0,-0.06677623261694055,1.104417879384958,0,0.0,-0.0,1.0,0,0.0,-0.0,1.0,0,0.0,-0.0,1.0,0,0.0,-0.0,1.0,0,0.0,-0.0,1.0
2025-07-02,39.877,0.08041399116746595,False,1.0,0.08041399116746595,1.2139542601170161,0,0.0,0.0,1.0,0,1.0,0.08041399116746595,1.1932285289830113,0,0.0,0.0,1.0,0,0.0,0.0,1.0,0,0.0,0.0,1.0,0,0.0,0.0,1.0,0,0.0,0.0,1.0
2025-07-03,40.254,0.009454071269152431,False,1.0,0.009454071269152431,1.2254310702096536,0,0.0,0.0,1.0,0,1.0,0.009454071269152431,1.2045093965364027,0,0.0,0.0,1.0,0,0.0,0.0,1.0,0,0.0,0.0,1.0,0,0.0,0.0,1.0,0,0.0,0.0,1.0
2025-07-04,38.962,-0.03209618919858881,False,1.0,-0.03209618919858881,1.1860994027303753,0,0.0,-0.0,1.0,0,1.0,-0.03209618919858881,1.1658492350536922,0,0.0,-0.0,1.0,0,0.0,-0.0,1.0,0,0.0,-0.0,1.0,0,0.0,-0.0,1.0,0,0.0,-0.0,1.0
2025-07-05,39.143,0.0046455520763819536,False,1.0,0.0046455520763819536,1.1916094892735247,0,0.0,0.0,1.0,0,1.0,0.0046455520763819536,1.1712652483883441,0,0.0,0.0,1.0,0,0.0,0.0,1.0,0,0.0,0.0,1.0,0,0.0,0.0,1.0,0,0.0,0.0,1.0
2025-07-06,39.829,0.017525483483636917,False,1.0,0.017525483483636917,1.212493021696733,0,0.0,0.0,1.0,0,1.0,0.017525483483636917,1.1917922381539319,0,0.0,0.0,1.0,0,0.0,0.0,1.0,0,0.0,0.0,1.0,0,0.0,0.0,1.0,0,0.0,0.0,1.0
2025-07-07,38.546,-0.03221270933239606,False,1.0,-0.03221270933239606,1.1734353364212575,0,0.0,-0.0,1.0,0,1.0,-0.03221270933239606,1.1534013812016735,0,0.0,-0.0,1.0,0,0.0,-0.0,1.0,0,0.0,-0.0,1.0,0,0.0,-0.0,1.0,0,0.0,-0.0,1.0
2025-07-08,38.806,0.006745187568100386,False,1.0,0.006745187568100386,1.1813503778644558,0,0.0,0.0,1.0,0,1.0,0.006745187568100386,1.161181289859185,0,0.0,0.0,1.0,0,0.0,0.0,1.0,0,0.0,0.0,1.0,0,0.0,0.0,1.0,0,0.0,0.0,1.0
2025-07-09,40.673,0.0481111168376025,True,1.0,0.0481111168376025,1.2381864639200386,0,0.0,0.0,1.0,0,1.0,0.0481111168376025,1.217047018565238,0,0.0,0.0,1.0,0,0.0,0.0,1.0,0,0.0,0.0,1.0,0,0.0,0.0,1.0,0,0.0,0.0,1.0
2025-07-10,43.813,0.07720109163327016,True,1.0,0.07720109163327016,1.3337758105802042,0,0.0,0.0,1.0,0,1.0,0.07720109163327016,1.3110043769674913,0,0.0,0.0,1.0,0,0.0,0.0,1.0,0,0.0,0.0,1.0,0,0.0,0.0,1.0,0,0.0,0.0,1.0
2025-07-11,46.383,0.0586583890626069,True,1.0,0.0586583890626069,1.4120129509995116,0,0.0,0.0,1.0,0,0.0,-0.001,1.3096933725905238,0,0.0,0.0,1.0,0,0.0,0.0,1.0,0,0.0,0.0,1.0,0,0.0,0.0,1.0,0,0.0,0.0,1.0
2025-07-12,47.09,0.015242653558415808,True,1.0,0.015242653558415808,1.4335357752315936,0,0.0,0.0,1.0,0,0.0,0.0,1.3096933725905238,0,0.0,0.0,1.0,0,0.0,0.0,1.0,0,0.0,0.0,1.0,0,0.0,0.0,1.0,0,0.0,0.0,1.0
2025-07-13,48.95,0.039498832023784125,True,1.0,0.039498832023784125,1.4901587640175515,0,0.0,0.0,1.0,0,0.0,0.0,1.3096933725905238,0,0.0,0.0,1.0,0,0.0,0.0,1.0,0,0.0,0.0,1.0,0,0.0,0.0,1.0,0,0.0,0.0,1.0
2025-07-14,47.608,-0.02741573033707878,True,1.0,-0.02741573033707878,1.4493049731838117,0,0.0,-0.0,1.0,0,0.0,-0.0,1.3096933725905238,0,0.0,-0.0,1.0,0,0.0,-0.0,1.0,0,0.0,-0.0,1.0,0,0.0,-0.0,1.0,0,0.0,-0.0,1.0
2025-07-15,47.867,0.005440262140816721,True,1.0,0.005440262140816721,1.457189572159921,0,0.0,0.0,1.0,0,0.0,0.0,1.3096933725905238,0,0.0,0.0,1.0,0,0.0,0.0,1.0,0,0.0,0.0,1.0,0,0.0,0.0,1.0,0,0.0,0.0,1.0
2025-07-16,46.987,-0.01838427309002022,True,1.0,-0.01838427309002022,1.4304002011214034,0,0.0,-0.0,1.0,0,0.0,-0.0,1.3096933725905238,0,0.0,-0.0,1.0,0,0.0,-0.0,1.0,0,0.0,-0.0,1.0,0,0.0,-0.0,1.0,0,0.0,-0.0,1.0
2025-07-17,45.59,-0.02973162789707784,True,1.0,-0.02973162789707784,1.3878720745977566,0,0.0,-0.0,1.0,0,0.0,-0.0,1.3096933725905238,0,0.0,-0.0,1.0,0,0.0,-0.0,1.0,0,0.0,-0.0,1.0,0,0.0,-0.0,1.0,0,0.0,-0.0,1.0
2025-07-18,44.331,-0.027615705198508422,True,1.0,-0.027615705198508422,1.3495450085324228,0,0.0,-0.0,1.0,0,0.0,-0.0,1.3096933725905238,0,0.0,-0.0,1.0,0,0.0,-0.0,1.0,0,0.0,-0.0,1.0,0,0.0,-0.0,1.0,0,0.0,-0.0,1.0
2025-07-19,44.48,0.0033610791545417573,True,1.0,0.0033610791545417573,1.354080936128717,0,0.0,0.0,1.0,0,0.0,0.0,1.3096933725905238,0,0.0,0.0,1.0,0,0.0,0.0,1.0,0,0.0,0.0,1.0,0,0.0,0.0,1.0,0,0.0,0.0,1.0
2025-07-20,45.997,0.034105215827338276,True,1.0,0.034105215827338276,1.400262158703071,0,0.0,0.0,1.0,0,0.0,0.0,1.3096933725905238,0,0.0,0.0,1.0,0,0.0,0.0,1.0,0,0.0,0.0,1.0,0,0.0,0.0,1.0,0,0.0,0.0,1.0
2025-07-21,44.329,-0.03626323455877556,True,1.0,-0.03626323455877556,1.3494841235982442,0,0.0,-0.0,1.0,0,0.0,-0.0,1.3096933725905238,0,0.0,-0.0,1.0,0,0.0,-0.0,1.0,0,0.0,-0.0,1.0,0,0.0,-0.0,1.0,0,0.0,-0.0,1.0
2025-07-22,46.274,0.04387646912856136,True,1.0,0.04387646912856136,1.4086947220867863,0,0.0,0.0,1.0,0,0.0,0.0,1.3096933725905238,0,0.0,0.0,1.0,0,0.0,0.0,1.0,0,0.0,0.0,1.0,0,0.0,0.0,1.0,0,0.0,0.0,1.0
2025-07-23,43.705,-0.055517137053204824,True,1.0,-0.055517137053204824,1.3304880241345678,0,0.0,-0.0,1.0,0,0.0,-0.0,1.3096933725905238,0,0.0,-0.0,1.0,0,0.0,-0.0,1.0,0,0.0,-0.0,1.0,0,0.0,-0.0,1.0,0,0.0,-0.0,1.0
2025-07-24,42.075,-0.03729550394691672,True,1.0,-0.03729550394691672,1.2808668027791317,0,0.0,-0.0,1.0,0,0.0,-0.0,1.3096933725905238,0,0.0,-0.0,1.0,0,0.0,-0.0,1.0,0,0.0,-0.0,1.0,0,0.0,-0.0,1.0,0,0.0,-0.0,1.0
2025-07-25,44.128,0.048793820558526324,True,1.0,0.048793820558526324,1.34336518771331,0,0.0,0.0,1.0,0,0.0,0.0,1.3096933725905238,0,0.0,0.0,1.0,0,0.0,0.0,1.0,0,0.0,0.0,1.0,0,0.0,0.0,1.0,0,0.0,0.0,1.0
2025-07-26,43.363,-0.017335931834662865,True,1.0,-0.017335931834662865,1.3200767003900529,0,0.0,-0.0,1.0,0,0.0,-0.0,1.3096933725905238,0,0.0,-0.0,1.0,0,0.0,-0.0,1.0,0,0.0,-0.0,1.0,0,0.0,-0.0,1.0,0,0.0,-0.0,1.0
2025-07-27,43.649,0.006595484629753567,True,1.0,0.006595484629753567,1.3287832459775712,0,0.0,0.0,1.0,0,0.0,0.0,1.3096933725905238,0,0.0,0.0,1.0,0,0.0,0.0,1.0,0,0.0,0.0,1.0,0,0.0,0.0,1.0,0,0.0,0.0,1.0
2025-07-28,43.742,0.0021306330041923616,True,1.0,0.0021306330041923616,1.3316143954168689,0,0.0,0.0,1.0,0,0.0,0.0,1.3096933725905238,0,0.0,0.0,1.0,0,0.0,0.0,1.0,0,0.0,0.0,1.0,0,0.0,0.0,1.0,0,0.0,0.0,1.0
2025-07-29,43.485,-0.005875360065840551,True,1.0,-0.005875360065840551,1.3237906813749383,0,0.0,-0.0,1.0,0,0.0,-0.0,1.3096933725905238,0,0.0,-0.0,1.0,0,0.0,-0.0,1.0,0,0.0,-0.0,1.0,0,0.0,-0.0,1.0,0,0.0,-0.0,1.0
2025-07-30,42.221,-0.029067494538346672,False,1.0,-0.029067494538346672,1.2853114029741581,0,0.0,-0.0,1.0,0,0.0,-0.0,1.3096933725905238,0,0.0,-0.0,1.0,0,0.0,-0.0,1.0,0,0.0,-0.0,1.0,0,0.0,-0.0,1.0,0,0.0,-0.0,1.0
2025-07-31,40.826,-0.03304043011771385,False,1.0,-0.03304043011771385,1.2428441613846897,0,0.0,-0.0,1.0,0,0.0,-0.0,1.3096933725905238,0,0.0,-0.0,1.0,0,0.0,-0.0,1.0,0,0.0,-0.0,1.0,0,0.0,-0.0,1.0,0,0.0,-0.0,1.0
2025-08-01,37.613,-0.07869984813599185,False,1.0,-0.07869984813599185,1.1450325146270104,0,0.0,-0.0,1.0,0,0.0,-0.0,1.3096933725905238,0,0.0,-0.0,1.0,0,0.0,-0.0,1.0,0,0.0,-0.0,1.0,0,0.0,-0.0,1.0,0,0.0,-0.0,1.0
2025-08-02,36.896,-0.019062558158083553,False,1.0,-0.019062558158083553,1.1232052657240363,0,0.0,-0.0,1.0,0,0.0,-0.0,1.3096933725905238,0,0.0,-0.0,1.0,0,0.0,-0.0,1.0,0,0.0,-0.0,1.0,0,0.0,-0.0,1.0,0,0.0,-0.0,1.0
2025-08-03,38.18,0.034800520381613076,False,1.0,0.034800520381613076,1.1622933934666009,0,0.0,0.0,1.0,0,0.0,0.0,1.3096933725905238,0,0.0,0.0,1.0,0,0.0,0.0,1.0,0,0.0,0.0,1.0,0,0.0,0.0,1.0,0,0.0,0.0,1.0
2025-08-04,38.804,0.01634363541121009,False,1.0,0.01634363541121009,1.181289492930277,0,0.0,0.0,1.0,0,0.0,0.0,1.3096933725905238,0,0.0,0.0,1.0,0,0.0,0.0,1.0,0,0.0,0.0,1.0,0,0.0,0.0,1.0,0,0.0,0.0,1.0
2025-08-05,38.497,-0.00791155550974132,False,1.0,-0.00791155550974132,1.171943655533885,0,0.0,-0.0,1.0,0,0.0,-0.0,1.3096933725905238,0,0.0,-0.0,1.0,0,0.0,-0.0,1.0,0,0.0,-0.0,1.0,0,0.0,-0.0,1.0,0,0.0,-0.0,1.0
2025-08-06,38.079,-0.010857988934202645,False,1.0,-0.010857988934202645,1.159218704290589,0,0.0,-0.0,1.0,0,0.0,-0.0,1.3096933725905238,0,0.0,-0.0,1.0,0,0.0,-0.0,1.0,0,0.0,-0.0,1.0,0,0.0,-0.0,1.0,0,0.0,-0.0,1.0
2025-08-07,40.897,0.07400404422385032,False,1.0,0.07400404422385032,1.2450055765480244,0,0.0,0.0,1.0,0,0.0,0.0,1.3096933725905238,0,0.0,0.0,1.0,0,0.0,0.0,1.0,0,0.0,0.0,1.0,0,0.0,0.0,1.0,0,0.0,0.0,1.0
2025-08-08,40.992,0.0023229087708145357,False,1.0,0.0023229087708145357,1.2478976109215008,0,0.0,0.0,1.0,0,0.0,0.0,1.3096933725905238,0,0.0,0.0,1.0,0,0.0,0.0,1.0,0,0.0,0.0,1.0,0,0.0,0.0,1.0,0,0.0,0.0,1.0
2025-08-09,43.666,0.06523224043715836,False,1.0,0.06523224043715836,1.3293007679180875,0,0.0,0.0,1.0,0,0.0,0.0,1.3096933725905238,0,0.0,0.0,1.0,0,0.0,0.0,1.0,0,0.0,0.0,1.0,0,0.0,0.0,1.0,0,0.0,0.0,1.0
2025-08-10,45.269,0.03671048412952871,True,1.0,0.03671048412952871,1.3781000426621148,0,0.0,0.0,1.0,0,0.0,0.0,1.3096933725905238,0,0.0,0.0,1.0,0,0.0,0.0,1.0,0,0.0,0.0,1.0,0,0.0,0.0,1.0,0,0.0,0.0,1.0
2025-08-11,43.167,-0.04643354171728986,False,1.0,-0.04643354171728986,1.3141099768405646,0,0.0,-0.0,1.0,0,0.0,-0.0,1.3096933725905238,0,0.0,-0.0,1.0,0,0.0,-0.0,1.0,0,0.0,-0.0,1.0,0,0.0,-0.0,1.0,0,0.0,-0.0,1.0
2025-08-12,44.725,0.03609238538698545,True,1.0,0.03609238538698545,1.361539340565577,0,0.0,0.0,1.0,0,0.0,0.0,1.3096933725905238,0,0.0,0.0,1.0,0,0.0,0.0,1.0,0,0.0,0.0,1.0,0,0.0,0.0,1.0,0,0.0,0.0,1.0
2025-08-13,47.631,0.06497484628283945,True,1.0,0.06497484628283945,1.4500051499268638,0,0.0,0.0,1.0,0,0.0,0.0,1.3096933725905238,0,0.0,0.0,1.0,0,0.0,0.0,1.0,0,0.0,0.0,1.0,0,0.0,0.0,1.0,0,0.0,0.0,1.0
2025-08-14,45.442,-0.04595746467636619,True,1.0,-0.04595746467636619,1.383366589468551,0,0.0,-0.0,1.0,0,0.0,-0.0,1.3096933725905238,0,0.0,-0.0,1.0,0,0.0,-0.0,1.0,0,0.0,-0.0,1.0,0,0.0,-0.0,1.0,0,0.0,-0.0,1.0
2025-08-15,47.795,0.05178029136041551,True,1.0,0.05178029136041551,1.4549977145294968,0,0.0,0.0,1.0,0,0.0,0.0,1.3096933725905238,0,0.0,0.0,1.0,0,0.0,0.0,1.0,0,0.0,0.0,1.0,0,0.0,0.0,1.0,0,0.0,0.0,1.0
2025-08-16,46.296,-0.03136311329636998,True,1.0,-0.03136311329636998,1.4093644563627488,0,0.0,-0.0,1.0,0,0.0,-0.0,1.3096933725905238,0,0.0,-0.0,1.0,0,0.0,-0.0,1.0,0,0.0,-0.0,1.0,0,0.0,-0.0,1.0,0,0.0,-0.0,1.0
2025-08-17,46.04,-0.005529635389666554,True,1.0,-0.005529635389666554,1.401571184787907,0,0.0,-0.0,1.0,0,0.0,-0.0,1.3096933725905238,0,0.0,-0.0,1.0,0,0.0,-0.0,1.0,0,0.0,-0.0,1.0,0,0.0,-0.0,1.0,0,0.0,-0.0,1.0
2025-08-18,43.321,-0.05905734144222419,False,1.0,-0.05905734144222419,1.318798116772305,0,0.0,-0.0,1.0,0,0.0,-0.0,1.3096933725905238,0,0.0,-0.0,1.0,0,0.0,-0.0,1.0,0,0.0,-0.0,1.0,0,0.0,-0.0,1.0,0,0.0,-0.0,1.0
2025-08-19,41.303,-0.04658248886221461,False,1.0,-0.04658248886221461,1.2573652181862496,0,0.0,-0.0,1.0,0,0.0,-0.0,1.3096933725905238,0,0.0,-0.0,1.0,0,0.0,-0.0,1.0,0,0.0,-0.0,1.0,0,0.0,-0.0,1.0,0,0.0,-0.0,1.0
2025-08-20,42.999,0.04106239256228372,True,1.0,0.04106239256228372,1.3089956423695748,0,0.0,0.0,1.0,0,0.0,0.0,1.3096933725905238,0,0.0,0.0,1.0,0,0.0,0.0,1.0,0,0.0,0.0,1.0,0,0.0,0.0,1.0,0,0.0,0.0,1.0
2025-08-21,40.454,-0.0591874229633248,True,1.0,-0.0591874229633248,1.2315195636274978,0,0.0,-0.0,1.0,0,0.0,-0.0,1.3096933725905238,0,0.0,-0.0,1.0,0,0.0,-0.0,1.0,0,0.0,-0.0,1.0,0,0.0,-0.0,1.0,0,0.0,-0.0,1.0
2025-08-22,45.335,0.12065555940080097,True,1.0,0.12065555940080097,1.380109245490004,0,0.0,0.0,1.0,1,0.0,0.0,1.3096933725905238,0,0.0,0.0,1.0,0,0.0,0.0,1.0,0,0.0,0.0,1.0,0,0.0,0.0,1.0,0,0.0,0.0,1.0
2025-08-23,44.91,-0.00937465534355364,True,1.0,-0.00937465534355364,1.3671711969770832,0,0.0,-0.0,1.0,0,1.0,-0.01037465534355364,1.2961057552441606,0,0.0,-0.0,1.0,0,0.0,-0.0,1.0,0,0.0,-0.0,1.0,0,0.0,-0.0,1.0,0,0.0,-0.0,1.0
2025-08-24,46.061,0.025629035849476844,True,1.0,0.025629035849476844,1.402210476596781,0,0.0,0.0,1.0,0,1.0,0.025629035849476844,1.3293236961100265,0,0.0,0.0,1.0,0,0.0,0.0,1.0,0,0.0,0.0,1.0,0,0.0,0.0,1.0,0,0.0,0.0,1.0
2025-08-25,42.976,-0.06697640085972956,True,1.0,-0.06697640085972956,1.3082954656265227,0,0.0,-0.0,1.0,0,1.0,-0.06697640085972956,1.2402903793670241,0,0.0,-0.0,1.0,0,0.0,-0.0,1.0,0,0.0,-0.0,1.0,0,0.0,-0.0,1.0,0,0.0,-0.0,1.0
2025-08-26,48.794,0.13537788533134765,True,1.0,0.13537788533134765,1.485409739151632,0,0.0,0.0,1.0,1,1.0,0.13537788533134765,1.408198268122547,0,0.0,0.0,1.0,0,0.0,0.0,1.0,0,0.0,0.0,1.0,0,0.0,0.0,1.0,0,0.0,0.0,1.0
2025-08-27,47.04,-0.035947042669180584,True,1.0,-0.035947042669180584,1.432013651877132,0,0.0,-0.0,1.0,0,1.0,-0.035947042669180584,1.3575777048916795,0,0.0,-0.0,1.0,0,0.0,-0.0,1.0,0,0.0,-0.0,1.0,0,0.0,-0.0,1.0,0,0.0,-0.0,1.0
2025-08-28,45.608,-0.03044217687074835,True,1.0,-0.03044217687074835,1.388420039005362,0,0.0,-0.0,1.0,0,1.0,-0.03044217687074835,1.3162500842835825,0,0.0,-0.0,1.0,0,0.0,-0.0,1.0,0,0.0,-0.0,1.0,0,0.0,-0.0,1.0,0,0.0,-0.0,1.0
2025-08-29,44.432,-0.025784950008770235,True,1.0,-0.025784950008770235,1.352619697708434,0,0.0,-0.0,1.0,0,1.0,-0.025784950008770235,1.2823106416612906,0,0.0,-0.0,1.0,0,0.0,-0.0,1.0,0,0.0,-0.0,1.0,0,0.0,-0.0,1.0,0,0.0,-0.0,1.0
2025-08-30,44.066,-0.008237306445804782,False,1.0,-0.008237306445804782,1.3414777547537777,0,0.0,-0.0,1.0,0,1.0,-0.008237306445804782,1.27174785594721,0,0.0,-0.0,1.0,0,0.0,-0.0,1.0,0,0.0,-0.0,1.0,0,0.0,-0.0,1.0,0,0.0,-0.0,1.0
2025-08-31,44.28,0.0048563518358824,True,1.0,0.0048563518358824,1.3479924427108716,0,0.0,0.0,1.0,0,1.0,0.0048563518358824,1.2779239109822187,0,0.0,0.0,1.0,0,0.0,0.0,1.0,0,0.0,0.0,1.0,0,0.0,0.0,1.0,0,0.0,0.0,1.0
2025-09-01,43.126,-0.02606142728093952,False,1.0,-0.02606142728093952,1.3128618356899062,0,0.0,-0.0,1.0,0,1.0,-0.02606142728093952,1.2446193899055817,0,0.0,-0.0,1.0,0,0.0,-0.0,1.0,0,0.0,-0.0,1.0,0,0.0,-0.0,1.0,0,0.0,-0.0,1.0
2025-09-02,44.901,0.04115846589064609,False,1.0,0.04115846589064609,1.3668972147732803,0,0.0,0.0,1.0,0,1.0,0.04115846589064609,1.2958460146118473,0,0.0,0.0,1.0,0,0.0,0.0,1.0,0,0.0,0.0,1.0,0,0.0,0.0,1.0,0,0.0,0.0,1.0
2025-09-03,45.883,0.021870336963542014,True,1.0,0.021870336963542014,1.396791717454899,0,0.0,0.0,1.0,0,1.0,0.021870336963542014,1.3241866036042715,0,0.0,0.0,1.0,0,0.0,0.0,1.0,0,0.0,0.0,1.0,0,0.0,0.0,1.0,0,0.0,0.0,1.0
2025-09-04,45.373,-0.01111522786217134,False,1.0,-0.01111522786217134,1.3812660592393942,0,0.0,-0.0,1.0,0,1.0,-0.01111522786217134,1.3094679677731753,0,0.0,-0.0,1.0,0,0.0,-0.0,1.0,0,0.0,-0.0,1.0,0,0.0,-0.0,1.0,0,0.0,-0.0,1.0
2025-09-05,47.271,0.041831044894540925,True,1.0,0.041831044894540925,1.4390458617747428,0,0.0,0.0,1.0,0,1.0,0.041831044894540925,1.3642443811210583,0,0.0,0.0,1.0,0,0.0,0.0,1.0,0,0.0,0.0,1.0,0,0.0,0.0,1.0,0,0.0,0.0,1.0
2025-09-06,46.015,-0.026570201603520083,False,1.0,-0.026570201603520083,1.4008101231106767,0,0.0,-0.0,1.0,0,1.0,-0.026570201603520083,1.3279961328782022,0,0.0,-0.0,1.0,0,0.0,-0.0,1.0,0,0.0,-0.0,1.0,0,0.0,-0.0,1.0,0,0.0,-0.0,1.0
2025-09-07,47.113,0.02386178420080398,True,1.0,0.02386178420080398,1.4342359519746453,0,0.0,0.0,1.0,0,1.0,0.02386178420080398,1.3596844900204441,0,0.0,0.0,1.0,0,0.0,0.0,1.0,0,0.0,0.0,1.0,0,0.0,0.0,1.0,0,0.0,0.0,1.0
2025-09-08,50.901,0.08040243669475533,True,1.0,0.08040243669475533,1.5495520173086288,0,0.0,0.0,1.0,0,1.0,0.08040243669475533,1.4690064361541535,0,0.0,0.0,1.0,0,0.0,0.0,1.0,0,0.0,0.0,1.0,0,0.0,0.0,1.0,0,0.0,0.0,1.0
2025-09-09,53.315,0.04742539439303739,True,1.0,0.04742539439303739,1.6230401328620172,0,0.0,0.0,1.0,0,1.0,0.04742539439303739,1.5386746457546745,0,0.0,0.0,1.0,0,0.0,0.0,1.0,0,0.0,0.0,1.0,0,0.0,0.0,1.0,0,0.0,0.0,1.0
2025-09-10,55.494,0.04087029916533802,True,1.0,0.04087029916533802,1.6893742686494377,0,0.0,0.0,1.0,0,1.0,0.04087029916533802,1.6015607388447886,0,0.0,0.0,1.0,0,0.0,0.0,1.0,0,0.0,0.0,1.0,0,0.0,0.0,1.0,0,0.0,0.0,1.0
2025-09-11,57.054,0.028111147151043347,True,1.0,0.028111147151043347,1.7368645173086283,0,0.0,0.0,1.0,0,1.0,0.028111147151043347,1.646582448445788,0,0.0,0.0,1.0,0,0.0,0.0,1.0,0,0.0,0.0,1.0,0,0.0,0.0,1.0,0,0.0,0.0,1.0
2025-09-12,55.255,-0.03153153153153154,True,1.0,-0.03153153153153154,1.682098519015113,0,0.0,-0.0,1.0,0,1.0,-0.03153153153153154,1.5946631820533532,0,0.0,-0.0,1.0,0,0.0,-0.0,1.0,0,0.0,-0.0,1.0,0,0.0,-0.0,1.0,0,0.0,-0.0,1.0
2025-09-13,54.456,-0.014460229843453076,True,1.0,-0.014460229843453076,1.6577749878108223,0,0.0,-0.0,1.0,0,1.0,-0.014460229843453076,1.5716039859179696,0,0.0,-0.0,1.0,0,0.0,-0.0,1.0,0,0.0,-0.0,1.0,0,0.0,-0.0,1.0,0,0.0,-0.0,1.0
2025-09-14,53.688,-0.014103129131776138,True,1.0,-0.014103129131776138,1.6343951730862978,0,0.0,-0.0,1.0,0,1.0,-0.014103129131776138,1.5494394519605543,0,0.0,-0.0,1.0,0,0.0,-0.0,1.0,0,0.0,-0.0,1.0,0,0.0,-0.0,1.0,0,0.0,-0.0,1.0
2025-09-15,54.0,0.0058113544926239324,True,1.0,0.0058113544926239324,1.6438932228181358,0,0.0,0.0,1.0,0,1.0,0.0058113544926239324,1.558443793880754,0,0.0,0.0,1.0,0,0.0,0.0,1.0,0,0.0,0.0,1.0,0,0.0,0.0,1.0,0,0.0,0.0,1.0
2025-09-16,54.456,0.008444444444444477,True,1.0,0.008444444444444477,1.6577749878108223,0,0.0,0.0,1.0,0,0.0,-0.001,1.5568853500868733,0,0.0,0.0,1.0,0,0.0,0.0,1.0,0,0.0,0.0,1.0,0,0.0,0.0,1.0,0,0.0,0.0,1.0
2025-09-17,57.766,0.060783017482003654,True,1.0,0.060783017482003654,1.758539553876156,0,0.0,0.0,1.0,0,0.0,0.0,1.5568853500868733,0,0.0,0.0,1.0,0,0.0,0.0,1.0,0,0.0,0.0,1.0,0,0.0,0.0,1.0,0,0.0,0.0,1.0
2025-09-18,58.681,0.01583976733718795,True,1.0,0.01583976733718795,1.7863944112627965,0,0.0,0.0,1.0,0,0.0,0.0,1.5568853500868733,0,0.0,0.0,1.0,0,0.0,0.0,1.0,0,0.0,0.0,1.0,0,0.0,0.0,1.0,0,0.0,0.0,1.0
2025-09-19,56.181,-0.042603227620524486,True,1.0,-0.042603227620524486,1.7102882435397349,0,0.0,-0.0,1.0,0,0.0,-0.0,1.5568853500868733,0,0.0,-0.0,1.0,0,0.0,-0.0,1.0,0,0.0,-0.0,1.0,0,0.0,-0.0,1.0,0,0.0,-0.0,1.0
2025-09-20,54.25,-0.034371050711094475,True,1.0,-0.034371050711094475,1.651503839590442,0,0.0,-0.0,1.0,0,0.0,-0.0,1.5568853500868733,0,0.0,-0.0,1.0,0,0.0,-0.0,1.0,0,0.0,-0.0,1.0,0,0.0,-0.0,1.0,0,0.0,-0.0,1.0
2025-09-21,50.89,-0.0619354838709677,True,1.0,-0.0619354838709677,1.5492171501706469,0,0.0,-0.0,1.0,0,0.0,-0.0,1.5568853500868733,0,0.0,-0.0,1.0,0,0.0,-0.0,1.0,0,0.0,-0.0,1.0,0,0.0,-0.0,1.0,0,0.0,-0.0,1.0
2025-09-22,47.278,-0.07097661623108664,True,1.0,-0.07097661623108664,1.4392589590443672,0,0.0,-0.0,1.0,1,0.0,-0.0,1.5568853500868733,0,0.0,-0.0,1.0,0,0.0,-0.0,1.0,0,0.0,-0.0,1.0,0,0.0,-0.0,1.0,0,0.0,-0.0,1.0
2025-09-23,44.671,-0.055141926477431324,False,1.0,-0.055141926477431324,1.3598954473427582,0,0.0,-0.0,1.0,0,1.0,-0.056141926477431325,1.469478807228506,0,0.0,-0.0,1.0,0,0.0,-0.0,1.0,0,0.0,-0.0,1.0,0,0.0,-0.0,1.0,0,0.0,-0.0,1.0
2025-09-24,45.646,0.021826240737838898,True,1.0,0.021826240737838898,1.3895768527547525,0,0.0,0.0,1.0,0,1.0,0.021826240737838898,1.5015520054342277,0,0.0,0.0,1.0,0,0.0,0.0,1.0,0,0.0,0.0,1.0,0,0.0,0.0,1.0,0,0.0,0.0,1.0
2025-09-25,40.414,-0.11462121544056436,False,1.0,-0.11462121544056436,1.2303018649439286,0,0.0,-0.0,1.0,0,1.0,-0.11462121544056436,1.3294422895241396,0,0.0,-0.0,1.0,0,0.0,-0.0,1.0,0,0.0,-0.0,1.0,0,0.0,-0.0,1.0,0,0.0,-0.0,1.0
2025-09-26,44.827,0.10919483347354864,False,1.0,0.10919483347354864,1.3646444722086772,0,0.0,0.0,1.0,0,1.0,0.10919483347354864,1.4746105189414211,0,0.0,0.0,1.0,0,0.0,0.0,1.0,0,0.0,0.0,1.0,0,0.0,0.0,1.0,0,0.0,0.0,1.0
2025-09-27,45.75,0.020590269257367178,False,1.0,0.020590269257367178,1.3927428693320316,0,0.0,0.0,1.0,0,1.0,0.020590269257367178,1.5049731465761709,0,0.0,0.0,1.0,0,0.0,0.0,1.0,0,0.0,0.0,1.0,0,0.0,0.0,1.0,0,0.0,0.0,1.0
2025-09-28,47.171,0.031060109289617444,False,1.0,0.031060109289617444,1.43600161506582,0,0.0,0.0,1.0,0,1.0,0.031060109289617444,1.5517177769867663,0,0.0,0.0,1.0,0,0.0,0.0,1.0,0,0.0,0.0,1.0,0,0.0,0.0,1.0,0,0.0,0.0,1.0
2025-09-29,46.19,-0.020796675923766772,False,1.0,-0.020796675923766772,1.4061375548512904,0,0.0,-0.0,1.0,0,1.0,-0.020796675923766772,1.5194472052536248,0,0.0,-0.0,1.0,0,0.0,-0.0,1.0,0,0.0,-0.0,1.0,0,0.0,-0.0,1.0,0,0.0,-0.0,1.0
2025-09-30,45.22,-0.021000216497077284,False,1.0,-0.021000216497077284,1.3766083617747424,0,0.0,-0.0,1.0,0,1.0,-0.021000216497077284,1.4875384849874196,0,0.0,-0.0,1.0,0,0.0,-0.0,1.0,0,0.0,-0.0,1.0,0,0.0,-0.0,1.0,0,0.0,-0.0,1.0
2025-10-01,47.233,0.044515701017249,False,1.0,0.044515701017249,1.437889048025352,0,0.0,0.0,1.0,0,1.0,0.044515701017249,1.553757303436771,0,0.0,0.0,1.0,0,0.0,0.0,1.0,0,0.0,0.0,1.0,0,0.0,0.0,1.0,0,0.0,0.0,1.0
2025-10-02,50.811,0.075752122456757,False,1.0,0.075752122456757,1.546812195270598,0,0.0,0.0,1.0,0,1.0,0.075752122456757,1.671457716954794,0,0.0,0.0,1.0,0,0.0,0.0,1.0,0,0.0,0.0,1.0,0,0.0,0.0,1.0,0,0.0,0.0,1.0
2025-10-03,49.431,-0.027159473342386553,False,1.0,-0.027159473342386553,1.5048015906874677,0,0.0,-0.0,1.0,0,1.0,-0.027159473342386553,1.6260618056482339,0,0.0,-0.0,1.0,0,0.0,-0.0,1.0,0,0.0,-0.0,1.0,0,0.0,-0.0,1.0,0,0.0,-0.0,1.0
2025-10-04,49.121,-0.006271368169771918,False,1.0,-0.006271368169771918,1.4953644258898082,0,0.0,-0.0,1.0,0,1.0,-0.006271368169771918,1.6158641733982098,0,0.0,-0.0,1.0,0,0.0,-0.0,1.0,0,0.0,-0.0,1.0,0,0.0,-0.0,1.0,0,0.0,-0.0,1.0
2025-10-05,48.195,-0.01885140774821359,False,1.0,-0.01885140774821359,1.4671747013651861,0,0.0,-0.0,1.0,0,1.0,-0.01885140774821359,1.58540285899975,0,0.0,-0.0,1.0,0,0.0,-0.0,1.0,0,0.0,-0.0,1.0,0,0.0,-0.0,1.0,0,0.0,-0.0,1.0
2025-10-06,47.213,-0.020375557630459618,False,1.0,-0.020375557630459618,1.4372801986835675,0,0.0,-0.0,1.0,0,1.0,-0.020375557630459618,1.553099391678705,0,0.0,-0.0,1.0,0,0.0,-0.0,1.0,0,0.0,-0.0,1.0,0,0.0,-0.0,1.0,0,0.0,-0.0,1.0
2025-10-07,45.123,-0.044267468705653124,False,1.0,-0.044267468705653124,1.3736554424670877,0,0.0,-0.0,1.0,0,1.0,-0.044267468705653124,1.484347612960799,0,0.0,-0.0,1.0,0,0.0,-0.0,1.0,0,0.0,-0.0,1.0,0,0.0,-0.0,1.0,0,0.0,-0.0,1.0
2025-10-08,46.645,0.03373002681559312,False,1.0,0.03373002681559312,1.419988877376888,0,0.0,0.0,1.0,0,1.0,0.03373002681559312,1.5344146977496285,0,0.0,0.0,1.0,0,0.0,0.0,1.0,0,0.0,0.0,1.0,0,0.0,0.0,1.0,0,0.0,0.0,1.0
2025-10-09,43.965,-0.05745524707900096,False,1.0,-0.05745524707900096,1.3384030655777657,0,0.0,-0.0,1.0,0,1.0,-0.05745524707900096,1.446254522168773,0,0.0,-0.0,1.0,0,0.0,-0.0,1.0,0,0.0,-0.0,1.0,0,0.0,-0.0,1.0,0,0.0,-0.0,1.0
2025-10-10,37.735,-0.14170362788581836,False,1.0,-0.14170362788581836,1.1487464956118953,0,0.0,-0.0,1.0,0,1.0,-0.14170362788581836,1.2413150095311871,0,0.0,-0.0,1.0,0,0.0,-0.0,1.0,0,0.0,-0.0,1.0,0,0.0,-0.0,1.0,0,0.0,-0.0,1.0
2025-10-11,36.828,-0.024036040810918147,False,1.0,-0.024036040810918147,1.1211351779619687,0,0.0,-0.0,1.0,0,1.0,-0.024036040810918147,1.2114787113028902,0,0.0,-0.0,1.0,0,0.0,-0.0,1.0,0,0.0,-0.0,1.0,0,0.0,-0.0,1.0,0,0.0,-0.0,1.0
2025-10-12,39.621,0.07583903551645488,False,1.0,0.07583903551645488,1.2061609885421734,0,0.0,0.0,1.0,0,1.0,0.07583903551645488,1.3033560883168192,0,0.0,0.0,1.0,0,0.0,0.0,1.0,0,0.0,0.0,1.0,0,0.0,0.0,1.0,0,0.0,0.0,1.0
2025-10-13,42.424,0.07074531182958532,False,1.0,0.07074531182958532,1.2914912237932703,0,0.0,0.0,1.0,0,0.0,-0.001,1.3020527322285023,0,0.0,0.0,1.0,0,0.0,0.0,1.0,0,0.0,0.0,1.0,0,0.0,0.0,1.0,0,0.0,0.0,1.0
2025-10-14,39.39,-0.07151612294927401,False,1.0,-0.07151612294927401,1.1991287786445624,0,0.0,-0.0,1.0,0,0.0,-0.0,1.3020527322285023,0,0.0,-0.0,1.0,0,0.0,-0.0,1.0,0,0.0,-0.0,1.0,0,0.0,-0.0,1.0,0,0.0,-0.0,1.0
2025-10-15,37.364,-0.051434374206651534,False,1.0,-0.051434374206651534,1.1374523403217929,0,0.0,-0.0,1.0,0,0.0,-0.0,1.3020527322285023,0,0.0,-0.0,1.0,0,0.0,-0.0,1.0,0,0.0,-0.0,1.0,0,0.0,-0.0,1.0,0,0.0,-0.0,1.0
2025-10-16,36.794,-0.015255325982228896,False,1.0,-0.015255325982228896,1.1201001340809347,0,0.0,-0.0,1.0,0,0.0,-0.0,1.3020527322285023,0,0.0,-0.0,1.0,0,0.0,-0.0,1.0,0,0.0,-0.0,1.0,0,0.0,-0.0,1.0,0,0.0,-0.0,1.0
2025-10-17,35.462,-0.036201554601293484,False,1.0,-0.036201554601293484,1.0795507679180876,0,0.0,-0.0,1.0,0,0.0,-0.0,1.3020527322285023,0,0.0,-0.0,1.0,0,0.0,-0.0,1.0,0,0.0,-0.0,1.0,0,0.0,-0.0,1.0,0,0.0,-0.0,1.0
2025-10-18,36.862,0.03947887879984213,False,1.0,0.03947887879984213,1.1221702218430023,0,0.0,0.0,1.0,0,0.0,0.0,1.3020527322285023,0,0.0,0.0,1.0,0,0.0,0.0,1.0,0,0.0,0.0,1.0,0,0.0,0.0,1.0,0,0.0,0.0,1.0
2025-10-19,37.398,0.014540719440073735,False,1.0,0.014540719440073735,1.1384873842028267,0,0.0,0.0,1.0,0,0.0,0.0,1.3020527322285023,0,0.0,0.0,1.0,0,0.0,0.0,1.0,0,0.0,0.0,1.0,0,0.0,0.0,1.0,0,0.0,0.0,1.0
2025-10-20,37.939,0.014466014225359647,False,1.0,0.014466014225359647,1.1549567588980973,0,0.0,0.0,1.0,0,0.0,0.0,1.3020527322285023,0,0.0,0.0,1.0,0,0.0,0.0,1.0,0,0.0,0.0,1.0,0,0.0,0.0,1.0,0,0.0,0.0,1.0
2025-10-21,35.346,-0.06834655631408326,False,1.0,-0.06834655631408326,1.0760194417357374,0,0.0,-0.0,1.0,0,0.0,-0.0,1.3020527322285023,0,0.0,-0.0,1.0,0,0.0,-0.0,1.0,0,0.0,-0.0,1.0,0,0.0,-0.0,1.0,0,0.0,-0.0,1.0
2025-10-22,36.233,0.025094777343971142,False,1.0,0.025094777343971142,1.1030219100438798,0,0.0,0.0,1.0,0,0.0,0.0,1.3020527322285023,0,0.0,0.0,1.0,0,0.0,0.0,1.0,0,0.0,0.0,1.0,0,0.0,0.0,1.0,0,0.0,0.0,1.0
2025-10-23,40.198,0.10943062953661031,False,1.0,0.10943062953661031,1.223726292052656,0,0.0,0.0,1.0,0,0.0,0.0,1.3020527322285023,0,0.0,0.0,1.0,0,0.0,0.0,1.0,0,0.0,0.0,1.0,0,0.0,0.0,1.0,0,0.0,0.0,1.0
2025-10-24,39.288,-0.02263794218617854,False,1.0,-0.02263794218617854,1.1960236470014614,0,0.0,-0.0,1.0,0,0.0,-0.0,1.3020527322285023,0,0.0,-0.0,1.0,0,0.0,-0.0,1.0,0,0.0,-0.0,1.0,0,0.0,-0.0,1.0,0,0.0,-0.0,1.0
2025-10-25,44.213,0.1253563429036857,False,1.0,0.1253563429036857,1.3459527974158934,0,0.0,0.0,1.0,0,0.0,0.0,1.3020527322285023,0,0.0,0.0,1.0,0,0.0,0.0,1.0,0,0.0,0.0,1.0,0,0.0,0.0,1.0,0,0.0,0.0,1.0
2025-10-26,47.295,0.06970800443308534,True,1.0,0.06970800443308534,1.439776480984884,0,0.0,0.0,1.0,1,0.0,0.0,1.3020527322285023,0,0.0,0.0,1.0,0,0.0,0.0,1.0,0,0.0,0.0,1.0,0,0.0,0.0,1.0,0,0.0,0.0,1.0
2025-10-27,46.52,-0.016386510201924054,True,1.0,-0.016386510201924054,1.416183568990735,0,0.0,-0.0,1.0,0,1.0,-0.017386510201924055,1.2794145791161684,0,0.0,-0.0,1.0,0,0.0,-0.0,1.0,0,0.0,-0.0,1.0,0,0.0,-0.0,1.0,0,0.0,-0.0,1.0
2025-10-28,47.657,0.02444110060189142,True,1.0,0.02444110060189142,1.4507966540711832,0,0.0,0.0,1.0,0,1.0,0.02444110060189142,1.3106848795558732,0,0.0,0.0,1.0,0,0.0,0.0,1.0,0,0.0,0.0,1.0,0,0.0,0.0,1.0,0,0.0,0.0,1.0
2025-10-29,47.952,0.006190066516986059,True,1.0,0.006190066516986059,1.4597771818625047,0,0.0,0.0,1.0,0,1.0,0.006190066516986059,1.318798106143132,0,0.0,0.0,1.0,0,0.0,0.0,1.0,0,0.0,0.0,1.0,0,0.0,0.0,1.0,0,0.0,0.0,1.0
2025-10-30,45.389,-0.05344928261594917,True,1.0,-0.05344928261594917,1.381753138712822,0,0.0,-0.0,1.0,0,1.0,-0.05344928261594917,1.2483092934545093,0,0.0,-0.0,1.0,0,0.0,-0.0,1.0,0,0.0,-0.0,1.0,0,0.0,-0.0,1.0,0,0.0,-0.0,1.0
2025-10-31,43.685,-0.037542135759765616,True,1.0,-0.037542135759765616,1.329879174792783,0,0.0,-0.0,1.0,0,1.0,-0.037542135759765616,1.201445096489463,0,0.0,-0.0,1.0,0,0.0,-0.0,1.0,0,0.0,-0.0,1.0,0,0.0,-0.0,1.0,0,0.0,-0.0,1.0
2025-11-01,43.262,-0.009682957536912062,True,1.0,-0.009682957536912062,1.3170020112140408,0,0.0,-0.0,1.0,0,1.0,-0.009682957536912062,1.1898115546372243,0,0.0,-0.0,1.0,0,0.0,-0.0,1.0,0,0.0,-0.0,1.0,0,0.0,-0.0,1.0,0,0.0,-0.0,1.0
2025-11-02,42.443,-0.01893116360778513,True,1.0,-0.01893116360778513,1.2920696306679658,0,0.0,-0.0,1.0,0,1.0,-0.01893116360778513,1.167287037433954,0,0.0,-0.0,1.0,0,0.0,-0.0,1.0,0,0.0,-0.0,1.0,0,0.0,-0.0,1.0,0,0.0,-0.0,1.0
2025-11-03,40.187,-0.05315364135428691,True,1.0,-0.05315364135428691,1.2233914249146747,0,0.0,-0.0,1.0,0,1.0,-0.05315364135428691,1.1052414808886815,0,0.0,-0.0,1.0,0,0.0,-0.0,1.0,0,0.0,-0.0,1.0,0,0.0,-0.0,1.0,0,0.0,-0.0,1.0
2025-11-04,39.012,-0.029238310896558484,True,1.0,-0.029238310896558484,1.1876215260848357,0,0.0,-0.0,1.0,0,1.0,-0.029238310896558484,1.0729260868546855,0,0.0,-0.0,1.0,0,0.0,-0.0,1.0,0,0.0,-0.0,1.0,0,0.0,-0.0,1.0,0,0.0,-0.0,1.0
2025-11-05,41.357,0.060109709832872005,True,1.0,0.060109709832872005,1.2590091114090678,0,0.0,0.0,1.0,0,1.0,0.060109709832872005,1.1374193626076394,0,0.0,0.0,1.0,0,0.0,0.0,1.0,0,0.0,0.0,1.0,0,0.0,0.0,1.0,0,0.0,0.0,1.0
2025-11-06,38.498,-0.06912977246898955,True,1.0,-0.06912977246898955,1.1719740980009743,0,0.0,-0.0,1.0,0,1.0,-0.06912977246898955,1.0587898208687503,0,0.0,-0.0,1.0,0,0.0,-0.0,1.0,0,0.0,-0.0,1.0,0,0.0,-0.0,1.0,0,0.0,-0.0,1.0
2025-11-07,42.243,0.09727778066393067,True,1.0,0.09727778066393067,1.285981137250121,0,0.0,0.0,1.0,0,1.0,0.09727778066393067,1.161786544832423,0,0.0,0.0,1.0,0,0.0,0.0,1.0,0,0.0,0.0,1.0,0,0.0,0.0,1.0,0,0.0,0.0,1.0
2025-11-08,40.145,-0.04966503325994842,True,1.0,-0.04966503325994842,1.2221128412969275,0,0.0,-0.0,1.0,0,1.0,-0.04966503325994842,1.1040863774423602,0,0.0,-0.0,1.0,0,0.0,-0.0,1.0,0,0.0,-0.0,1.0,0,0.0,-0.0,1.0,0,0.0,-0.0,1.0
2025-11-09,41.813,0.04154938348486725,True,1.0,0.04154938348486725,1.2728908764017544,0,0.0,0.0,1.0,0,1.0,0.04154938348486725,1.1499604857391306,0,0.0,0.0,1.0,0,0.0,0.0,1.0,0,0.0,0.0,1.0,0,0.0,0.0,1.0,0,0.0,0.0,1.0
2025-11-10,41.443,-0.008848922583885477,True,1.0,-0.008848922583885477,1.261627163578741,0,0.0,-0.0,1.0,0,1.0,-0.008848922583885477,1.1397845744262978,0,0.0,-0.0,1.0,0,0.0,-0.0,1.0,0,0.0,-0.0,1.0,0,0.0,-0.0,1.0,0,0.0,-0.0,1.0
2025-11-11,38.682,-0.06662162488236845,True,1.0,-0.06662162488236845,1.1775755119453917,0,0.0,-0.0,1.0,0,1.0,-0.06662162488236845,1.063850274062159,0,0.0,-0.0,1.0,0,0.0,-0.0,1.0,0,0.0,-0.0,1.0,0,0.0,-0.0,1.0,0,0.0,-0.0,1.0
2025-11-12,38.356,-0.008427692466780434,False,1.0,-0.008427692466780434,1.1676512676743043,0,0.0,-0.0,1.0,0,1.0,-0.008427692466780434,1.054884471121663,0,0.0,-0.0,1.0,0,0.0,-0.0,1.0,0,0.0,-0.0,1.0,0,0.0,-0.0,1.0,0,0.0,-0.0,1.0
2025-11-13,38.527,0.00445823339242879,False,1.0,0.00445823339242879,1.1728569295465616,0,0.0,0.0,1.0,0,1.0,0.00445823339242879,1.0595873922959722,0,0.0,0.0,1.0,0,0.0,0.0,1.0,0,0.0,0.0,1.0,0,0.0,0.0,1.0,0,0.0,0.0,1.0
2025-11-14,37.492,-0.026864277000545167,False,1.0,-0.026864277000545167,1.141348976109214,0,0.0,-0.0,1.0,0,1.0,-0.026864277000545167,1.0311223430830478,0,0.0,-0.0,1.0,0,0.0,-0.0,1.0,0,0.0,-0.0,1.0,0,0.0,-0.0,1.0,0,0.0,-0.0,1.0
2025-11-15,38.567,0.028672783527152523,False,1.0,0.028672783527152523,1.1740746282301306,0,0.0,0.0,1.0,0,1.0,0.028672783527152523,1.0606874908162784,0,0.0,0.0,1.0,0,0.0,0.0,1.0,0,0.0,0.0,1.0,0,0.0,0.0,1.0,0,0.0,0.0,1.0
2025-11-16,38.699,0.0034226151891512124,False,1.0,0.0034226151891512124,1.1780930338859081,0,0.0,0.0,1.0,0,0.0,-0.001,1.059626803325462,0,0.0,0.0,1.0,0,0.0,0.0,1.0,0,0.0,0.0,1.0,0,0.0,0.0,1.0,0,0.0,0.0,1.0
2025-11-17,39.335,0.01643453319207211,False,1.0,0.01643453319207211,1.197454442954655,0,0.0,0.0,1.0,0,0.0,0.0,1.059626803325462,0,0.0,0.0,1.0,0,0.0,0.0,1.0,0,0.0,0.0,1.0,0,0.0,0.0,1.0,0,0.0,0.0,1.0
2025-11-18,38.653,-0.017338248379305976,False,1.0,-0.017338248379305976,1.1766926803998037,0,0.0,-0.0,1.0,0,0.0,-0.0,1.059626803325462,0,0.0,-0.0,1.0,0,0.0,-0.0,1.0,0,0.0,-0.0,1.0,0,0.0,-0.0,1.0,0,0.0,-0.0,1.0
2025-11-19,38.842,0.004889659276123393,False,1.0,0.004889659276123393,1.182446306679667,0,0.0,0.0,1.0,0,0.0,0.0,1.059626803325462,0,0.0,0.0,1.0,0,0.0,0.0,1.0,0,0.0,0.0,1.0,0,0.0,0.0,1.0,0,0.0,0.0,1.0
2025-11-20,37.541,-0.03349467071726486,False,1.0,-0.03349467071726486,1.1428406569965857,0,0.0,-0.0,1.0,0,0.0,-0.0,1.059626803325462,0,0.0,-0.0,1.0,0,0.0,-0.0,1.0,0,0.0,-0.0,1.0,0,0.0,-0.0,1.0,0,0.0,-0.0,1.0
2025-11-21,33.85,-0.09831917103966314,False,1.0,-0.09831917103966314,1.0304775109702573,0,0.0,-0.0,1.0,0,0.0,-0.0,1.059626803325462,0,0.0,-0.0,1.0,0,0.0,-0.0,1.0,0,0.0,-0.0,1.0,0,0.0,-0.0,1.0,0,0.0,-0.0,1.0
2025-11-22,29.977,-0.11441654357459385,False,1.0,-0.11441654357459385,0.9125738359336898,0,0.0,-0.0,1.0,0,0.0,-0.0,1.059626803325462,0,0.0,-0.0,1.0,0,0.0,-0.0,1.0,0,0.0,-0.0,1.0,0,0.0,-0.0,1.0,0,0.0,-0.0,1.0
2025-11-23,31.863,0.06291490142442546,False,1.0,0.06291490142442546,0.9699883288639677,0,0.0,0.0,1.0,0,0.0,0.0,1.059626803325462,0,0.0,0.0,1.0,0,0.0,0.0,1.0,0,0.0,0.0,1.0,0,0.0,0.0,1.0,0,0.0,0.0,1.0
2025-11-24,33.728,0.058531839437592215,False,1.0,0.058531839437592215,1.026763529985372,0,0.0,0.0,1.0,0,0.0,0.0,1.059626803325462,0,0.0,0.0,1.0,0,0.0,0.0,1.0,0,0.0,0.0,1.0,0,0.0,0.0,1.0,0,0.0,0.0,1.0
2025-11-25,33.717,-0.0003261385199241351,False,1.0,-0.0003261385199241351,1.0264286628473904,0,0.0,-0.0,1.0,0,0.0,-0.0,1.059626803325462,0,0.0,-0.0,1.0,0,0.0,-0.0,1.0,0,0.0,-0.0,1.0,0,0.0,-0.0,1.0,0,0.0,-0.0,1.0
2025-11-26,36.222,0.07429486609128944,False,1.0,0.07429486609128944,1.1026870429058986,0,0.0,0.0,1.0,0,0.0,0.0,1.059626803325462,0,0.0,0.0,1.0,0,0.0,0.0,1.0,0,0.0,0.0,1.0,0,0.0,0.0,1.0,0,0.0,0.0,1.0
2025-11-27,34.723,-0.04138368947048765,False,1.0,-0.04138368947048765,1.0570537847391506,0,0.0,-0.0,1.0,0,0.0,-0.0,1.059626803325462,0,0.0,-0.0,1.0,0,0.0,-0.0,1.0,0,0.0,-0.0,1.0,0,0.0,-0.0,1.0,0,0.0,-0.0,1.0
2025-11-28,34.924,0.005788670333784607,False,1.0,0.005788670333784607,1.0631727206240849,0,0.0,0.0,1.0,0,0.0,0.0,1.059626803325462,0,0.0,0.0,1.0,0,0.0,0.0,1.0,0,0.0,0.0,1.0,0,0.0,0.0,1.0,0,0.0,0.0,1.0
2025-11-29,34.329,-0.01703699461688235,False,1.0,-0.01703699461688235,1.0450594527059962,0,0.0,-0.0,1.0,0,0.0,-0.0,1.059626803325462,0,0.0,-0.0,1.0,0,0.0,-0.0,1.0,0,0.0,-0.0,1.0,0,0.0,-0.0,1.0,0,0.0,-0.0,1.0
2025-11-30,31.934,-0.06976608698185205,False,1.0,-0.06976608698185205,0.972149744027303,0,0.0,-0.0,1.0,0,0.0,-0.0,1.059626803325462,0,0.0,-0.0,1.0,0,0.0,-0.0,1.0,0,0.0,-0.0,1.0,0,0.0,-0.0,1.0,0,0.0,-0.0,1.0
2025-12-01,31.01,-0.028934677772906592,False,1.0,-0.028934677772906592,0.9440209044368594,0,0.0,-0.0,1.0,0,0.0,-0.0,1.059626803325462,0,0.0,-0.0,1.0,0,0.0,-0.0,1.0,0,0.0,-0.0,1.0,0,0.0,-0.0,1.0,0,0.0,-0.0,1.0
2025-12-02,33.848,0.09151886488229599,False,1.0,0.09151886488229599,1.0304166260360792,0,0.0,0.0,1.0,0,0.0,0.0,1.059626803325462,0,0.0,0.0,1.0,0,0.0,0.0,1.0,0,0.0,0.0,1.0,0,0.0,0.0,1.0,0,0.0,0.0,1.0
2025-12-03,34.65,0.023694162136610686,False,1.0,0.023694162136610686,1.0548314846416373,0,0.0,0.0,1.0,0,0.0,0.0,1.059626803325462,0,0.0,0.0,1.0,0,0.0,0.0,1.0,0,0.0,0.0,1.0,0,0.0,0.0,1.0,0,0.0,0.0,1.0
2025-12-04,33.519,-0.03264069264069269,False,1.0,-0.03264069264069269,1.020401054363724,0,0.0,-0.0,1.0,0,0.0,-0.0,1.059626803325462,0,0.0,-0.0,1.0,0,0.0,-0.0,1.0,0,0.0,-0.0,1.0,0,0.0,-0.0,1.0,0,0.0,-0.0,1.0
2025-12-05,30.965,-0.07619559056057756,False,1.0,-0.07619559056057756,0.9426509934178441,0,0.0,-0.0,1.0,0,0.0,-0.0,1.059626803325462,0,0.0,-0.0,1.0,0,0.0,-0.0,1.0,0,0.0,-0.0,1.0,0,0.0,-0.0,1.0,0,0.0,-0.0,1.0
2025-12-06,30.946,-0.0006135959954787218,False,1.0,-0.0006135959954787218,0.9420725865431488,0,0.0,-0.0,1.0,0,0.0,-0.0,1.059626803325462,0,0.0,-0.0,1.0,0,0.0,-0.0,1.0,0,0.0,-0.0,1.0,0,0.0,-0.0,1.0,0,0.0,-0.0,1.0
2025-12-07,29.719,-0.039649712402249127,False,1.0,-0.039649712402249127,0.90471967942467,0,0.0,-0.0,1.0,0,0.0,-0.0,1.059626803325462,0,0.0,-0.0,1.0,0,0.0,-0.0,1.0,0,0.0,-0.0,1.0,0,0.0,-0.0,1.0,0,0.0,-0.0,1.0
2025-12-08,29.484,-0.007907399306840701,False,1.0,-0.007907399306840701,0.8975656996587023,0,0.0,-0.0,1.0,0,0.0,-0.0,1.059626803325462,0,0.0,-0.0,1.0,0,0.0,-0.0,1.0,0,0.0,-0.0,1.0,0,0.0,-0.0,1.0,0,0.0,-0.0,1.0
2025-12-09,27.896,-0.05385972052638721,False,1.0,-0.05385972052638721,0.8492230619210134,0,0.0,-0.0,1.0,0,0.0,-0.0,1.059626803325462,0,0.0,-0.0,1.0,0,0.0,-0.0,1.0,0,0.0,-0.0,1.0,0,0.0,-0.0,1.0,0,0.0,-0.0,1.0
2025-12-10,28.817,0.033015486091195756,False,1.0,0.033015486091195756,0.8772605741101893,0,0.0,0.0,1.0,0,0.0,0.0,1.059626803325462,0,0.0,0.0,1.0,0,0.0,0.0,1.0,0,0.0,0.0,1.0,0,0.0,0.0,1.0,0,0.0,0.0,1.0
2025-12-11,29.128,0.010792240691258614,False,1.0,0.010792240691258614,0.8867281813749383,0,0.0,0.0,1.0,0,0.0,0.0,1.059626803325462,0,0.0,0.0,1.0,0,0.0,0.0,1.0,0,0.0,0.0,1.0,0,0.0,0.0,1.0,0,0.0,0.0,1.0
2025-12-12,28.588,-0.018538862949739054,False,1.0,-0.018538862949739054,0.8702892491467569,0,0.0,-0.0,1.0,0,0.0,-0.0,1.059626803325462,0,0.0,-0.0,1.0,0,0.0,-0.0,1.0,0,0.0,-0.0,1.0,0,0.0,-0.0,1.0,0,0.0,-0.0,1.0
2025-12-13,29.576,0.034559955225969,False,1.0,0.034559955225969,0.9003664066309109,0,0.0,0.0,1.0,0,0.0,0.0,1.059626803325462,0,0.0,0.0,1.0,0,0.0,0.0,1.0,0,0.0,0.0,1.0,0,0.0,0.0,1.0,0,0.0,0.0,1.0
2025-12-14,28.806,-0.026034622667027274,False,1.0,-0.026034622667027274,0.876925706972208,0,0.0,-0.0,1.0,0,0.0,-0.0,1.059626803325462,0,0.0,-0.0,1.0,0,0.0,-0.0,1.0,0,0.0,-0.0,1.0,0,0.0,-0.0,1.0,0,0.0,-0.0,1.0
2025-12-15,27.583,-0.04245643268763466,False,1.0,-0.04245643268763466,0.839694569722086,0,0.0,-0.0,1.0,0,0.0,-0.0,1.059626803325462,0,0.0,-0.0,1.0,0,0.0,-0.0,1.0,0,0.0,-0.0,1.0,0,0.0,-0.0,1.0,0,0.0,-0.0,1.0
2025-12-16,26.79,-0.02874959214008621,False,1.0,-0.02874959214008621,0.8155536933203309,0,0.0,-0.0,1.0,0,0.0,-0.0,1.059626803325462,0,0.0,-0.0,1.0,0,0.0,-0.0,1.0,0,0.0,-0.0,1.0,0,0.0,-0.0,1.0,0,0.0,-0.0,1.0
2025-12-17,24.473,-0.08648749533407984,False,1.0,-0.08648749533407984,0.7450184970745972,0,0.0,-0.0,1.0,0,0.0,-0.0,1.059626803325462,0,0.0,-0.0,1.0,0,0.0,-0.0,1.0,0,0.0,-0.0,1.0,0,0.0,-0.0,1.0,0,0.0,-0.0,1.0
2025-12-18,22.458,-0.08233563518980103,False,1.0,-0.08233563518980103,0.6836769258898093,0,0.0,-0.0,1.0,0,0.0,-0.0,1.059626803325462,0,0.0,-0.0,1.0,0,0.0,-0.0,1.0,0,0.0,-0.0,1.0,0,0.0,-0.0,1.0,0,0.0,-0.0,1.0
2025-12-19,24.862,0.10704426039718595,False,1.0,0.10704426039718595,0.7568606167723056,0,0.0,0.0,1.0,0,0.0,0.0,1.059626803325462,0,0.0,0.0,1.0,0,0.0,0.0,1.0,0,0.0,0.0,1.0,0,0.0,0.0,1.0,0,0.0,0.0,1.0
2025-12-20,23.992,-0.03499316225565108,False,1.0,-0.03499316225565108,0.7303756704046802,0,0.0,-0.0,1.0,0,0.0,-0.0,1.059626803325462,0,0.0,-0.0,1.0,0,0.0,-0.0,1.0,0,0.0,-0.0,1.0,0,0.0,-0.0,1.0,0,0.0,-0.0,1.0
2025-12-21,24.825,0.03471990663554503,False,1.0,0.03471990663554503,0.7557342454900043,0,0.0,0.0,1.0,0,0.0,0.0,1.059626803325462,0,0.0,0.0,1.0,0,0.0,0.0,1.0,0,0.0,0.0,1.0,0,0.0,0.0,1.0,0,0.0,0.0,1.0
2025-12-22,24.871,0.001852970795569009,False,1.0,0.001852970795569009,0.7571345989761087,0,0.0,0.0,1.0,0,0.0,0.0,1.059626803325462,0,0.0,0.0,1.0,0,0.0,0.0,1.0,0,0.0,0.0,1.0,0,0.0,0.0,1.0,0,0.0,0.0,1.0
2025-12-23,23.956,-0.03678983555144544,False,1.0,-0.03678983555144544,0.7292797415894681,0,0.0,-0.0,1.0,0,0.0,-0.0,1.059626803325462,0,0.0,-0.0,1.0,0,0.0,-0.0,1.0,0,0.0,-0.0,1.0,0,0.0,-0.0,1.0,0,0.0,-0.0,1.0
2025-12-24,25.156,0.050091835030889875,False,1.0,0.050091835030889875,0.7658107020965377,0,0.0,0.0,1.0,0,0.0,0.0,1.059626803325462,0,0.0,0.0,1.0,0,0.0,0.0,1.0,0,0.0,0.0,1.0,0,0.0,0.0,1.0,0,0.0,0.0,1.0
2025-12-25,24.384,-0.03068850373668308,False,1.0,-0.03068850373668308,0.7423091175036561,0,0.0,-0.0,1.0,0,0.0,-0.0,1.059626803325462,0,0.0,-0.0,1.0,0,0.0,-0.0,1.0,0,0.0,-0.0,1.0,0,0.0,-0.0,1.0,0,0.0,-0.0,1.0
2025-12-26,25.774,0.057004593175852936,False,1.0,0.057004593175852936,0.7846241467576784,0,0.0,0.0,1.0,0,0.0,0.0,1.059626803325462,0,0.0,0.0,1.0,0,0.0,0.0,1.0,0,0.0,0.0,1.0,0,0.0,0.0,1.0,0,0.0,0.0,1.0
2025-12-27,25.961,0.007255373632342632,False,1.0,0.007255373632342632,0.7903168881033634,0,0.0,0.0,1.0,0,0.0,0.0,1.059626803325462,0,0.0,0.0,1.0,0,0.0,0.0,1.0,0,0.0,0.0,1.0,0,0.0,0.0,1.0,0,0.0,0.0,1.0
2025-12-28,25.342,-0.02384345749393324,False,1.0,-0.02384345749393324,0.7714730009751333,0,0.0,-0.0,1.0,0,0.0,-0.0,1.059626803325462,0,0.0,-0.0,1.0,0,0.0,-0.0,1.0,0,0.0,-0.0,1.0,0,0.0,-0.0,1.0,0,0.0,-0.0,1.0
2025-12-29,25.791,0.01771762291847523,False,1.0,0.01771762291847523,0.7851416686981951,0,0.0,0.0,1.0,0,0.0,0.0,1.059626803325462,0,0.0,0.0,1.0,0,0.0,0.0,1.0,0,0.0,0.0,1.0,0,0.0,0.0,1.0,0,0.0,0.0,1.0
2025-12-30,25.965,0.006746539490519954,False,1.0,0.006746539490519954,0.7904386579717202,0,0.0,0.0,1.0,0,0.0,0.0,1.059626803325462,0,0.0,0.0,1.0,0,0.0,0.0,1.0,0,0.0,0.0,1.0,0,0.0,0.0,1.0,0,0.0,0.0,1.0
2025-12-31,25.452,-0.019757365684575312,False,1.0,-0.019757365684575312,0.7748216723549479,0,0.0,-0.0,1.0,0,0.0,-0.0,1.059626803325462,0,0.0,-0.0,1.0,0,0.0,-0.0,1.0,0,0.0,-0.0,1.0,0,0.0,-0.0,1.0,0,0.0,-0.0,1.0
2026-01-01,24.243,-0.047501178689297596,False,1.0,-0.047501178689297596,0.7380167296440752,0,0.0,-0.0,1.0,0,0.0,-0.0,1.059626803325462,0,0.0,-0.0,1.0,0,0.0,-0.0,1.0,0,0.0,-0.0,1.0,0,0.0,-0.0,1.0,0,0.0,-0.0,1.0
2026-01-02,24.598,0.014643402219197243,False,1.0,0.014643402219197243,0.7488238054607499,0,0.0,0.0,1.0,0,0.0,0.0,1.059626803325462,0,0.0,0.0,1.0,0,0.0,0.0,1.0,0,0.0,0.0,1.0,0,0.0,0.0,1.0,0,0.0,0.0,1.0
2026-01-03,25.376,0.031628587690056165,False,1.0,0.031628587690056165,0.7725080448561668,0,0.0,0.0,1.0,0,0.0,0.0,1.059626803325462,0,0.0,0.0,1.0,0,0.0,0.0,1.0,0,0.0,0.0,1.0,0,0.0,0.0,1.0,0,0.0,0.0,1.0
2026-01-04,26.862,0.05855926860025207,False,1.0,0.05855926860025207,0.8177455509507546,0,0.0,0.0,1.0,0,0.0,0.0,1.059626803325462,0,0.0,0.0,1.0,0,0.0,0.0,1.0,0,0.0,0.0,1.0,0,0.0,0.0,1.0,0,0.0,0.0,1.0
2026-01-05,26.5,-0.013476286203558896,False,1.0,-0.013476286203558896,0.8067253778644553,0,0.0,-0.0,1.0,0,0.0,-0.0,1.059626803325462,0,0.0,-0.0,1.0,0,0.0,-0.0,1.0,0,0.0,-0.0,1.0,0,0.0,-0.0,1.0,0,0.0,-0.0,1.0
2026-01-06,28.236,0.06550943396226416,True,1.0,0.06550943396226416,0.8595735007313494,1,0.0,0.0,1.0,0,0.0,0.0,1.059626803325462,0,0.0,0.0,1.0,0,0.0,0.0,1.0,0,0.0,0.0,1.0,0,0.0,0.0,1.0,0,0.0,0.0,1.0
2026-01-07,26.864,-0.048590451905369036,True,1.0,-0.048590451905369036,0.8178064358849331,1,1.0,-0.04959045190536904,0.950409548094631,0,0.0,-0.0,1.059626803325462,0,0.0,-0.0,1.0,0,0.0,-0.0,1.0,0,0.0,-0.0,1.0,0,0.0,-0.0,1.0,0,0.0,-0.0,1.0
2026-01-08,25.672,-0.04437164979154262,True,1.0,-0.04437164979154262,0.7815190151145771,1,1.0,-0.04437164979154262,0.9082383084680377,0,0.0,-0.0,1.059626803325462,0,0.0,-0.0,1.0,0,0.0,-0.0,1.0,0,0.0,-0.0,1.0,0,0.0,-0.0,1.0,0,0.0,-0.0,1.0
2026-01-09,25.071,-0.023410719850420647,True,1.0,-0.023410719850420647,0.7632230923939531,1,1.0,-0.023410719850420647,0.8869757958710724,0,0.0,-0.0,1.059626803325462,0,0.0,-0.0,1.0,0,0.0,-0.0,1.0,0,0.0,-0.0,1.0,0,0.0,-0.0,1.0,0,0.0,-0.0,1.0
2026-01-10,24.037,-0.04124287024849438,False,1.0,-0.04124287024849438,0.7317455814236947,0,1.0,-0.04124287024849438,0.8503943682084067,0,0.0,-0.0,1.059626803325462,0,0.0,-0.0,1.0,0,0.0,-0.0,1.0,0,0.0,-0.0,1.0,0,0.0,-0.0,1.0,0,0.0,-0.0,1.0
2026-01-11,24.432,0.01643299912634677,False,1.0,0.01643299912634677,0.7437703559239384,0,1.0,0.01643299912634677,0.8643688981182257,0,0.0,0.0,1.059626803325462,0,0.0,0.0,1.0,0,0.0,0.0,1.0,0,0.0,0.0,1.0,0,0.0,0.0,1.0,0,0.0,0.0,1.0
2026-01-12,23.75,-0.027914210870988776,False,1.0,-0.027914210870988776,0.7230085933690872,0,1.0,-0.027914210870988776,0.8402407224258294,0,0.0,-0.0,1.059626803325462,0,0.0,-0.0,1.0,0,0.0,-0.0,1.0,0,0.0,-0.0,1.0,0,0.0,-0.0,1.0,0,0.0,-0.0,1.0
2026-01-13,25.749,0.08416842105263145,True,1.0,0.08416842105263145,0.7838630850804473,1,1.0,0.08416842105263145,0.9109624573365338,0,0.0,0.0,1.059626803325462,0,0.0,0.0,1.0,0,0.0,0.0,1.0,0,0.0,0.0,1.0,0,0.0,0.0,1.0,0,0.0,0.0,1.0
2026-01-14,25.965,0.008388675288360847,True,1.0,0.008388675288360847,0.79043865797172,1,1.0,0.008388675288360847,0.9186042255910173,0,0.0,0.0,1.059626803325462,0,0.0,0.0,1.0,0,0.0,0.0,1.0,0,0.0,0.0,1.0,0,0.0,0.0,1.0,0,0.0,0.0,1.0
2026-01-15,24.722,-0.047872135567109564,False,1.0,-0.047872135567109564,0.7525986713798136,0,1.0,-0.047872135567109564,0.8746286795710044,0,0.0,-0.0,1.059626803325462,0,0.0,-0.0,1.0,0,0.0,-0.0,1.0,0,0.0,-0.0,1.0,0,0.0,-0.0,1.0,0,0.0,-0.0,1.0
2026-01-16,24.994,0.011002346088504034,False,1.0,0.011002346088504034,0.7608790224280827,0,1.0,0.011002346088504034,0.884251647002576,0,0.0,0.0,1.059626803325462,0,0.0,0.0,1.0,0,0.0,0.0,1.0,0,0.0,0.0,1.0,0,0.0,0.0,1.0,0,0.0,0.0,1.0
2026-01-17,25.419,0.017004080979435177,True,1.0,0.017004080979435177,0.7738170709410033,1,1.0,0.017004080979435177,0.8992875336144067,0,0.0,0.0,1.059626803325462,0,0.0,0.0,1.0,0,0.0,0.0,1.0,0,0.0,0.0,1.0,0,0.0,0.0,1.0,0,0.0,0.0,1.0
2026-01-18,24.456,-0.03788504661867109,False,1.0,-0.03788504661867109,0.7445009751340799,0,1.0,-0.03788504661867109,0.8652179834798351,0,0.0,-0.0,1.059626803325462,0,0.0,-0.0,1.0,0,0.0,-0.0,1.0,0,0.0,-0.0,1.0,0,0.0,-0.0,1.0,0,0.0,-0.0,1.0
2026-01-19,23.714,-0.03034020281321559,False,1.0,-0.03034020281321559,0.7219126645538751,0,1.0,-0.03034020281321559,0.8389670943834155,0,0.0,-0.0,1.059626803325462,0,0.0,-0.0,1.0,0,0.0,-0.0,1.0,0,0.0,-0.0,1.0,0,0.0,-0.0,1.0,0,0.0,-0.0,1.0
2026-01-20,20.982,-0.11520620730370246,False,1.0,-0.11520620730370246,0.6387438444661132,0,1.0,-0.11520620730370246,0.7423128773868949,0,0.0,-0.0,1.059626803325462,0,0.0,-0.0,1.0,0,0.0,-0.0,1.0,0,0.0,-0.0,1.0,0,0.0,-0.0,1.0,0,0.0,-0.0,1.0
2026-01-21,21.528,0.026022304832713727,False,1.0,0.026022304832713727,0.6553654314968299,0,1.0,0.026022304832713727,0.7616295693635056,0,0.0,0.0,1.059626803325462,0,0.0,0.0,1.0,0,0.0,0.0,1.0,0,0.0,0.0,1.0,0,0.0,0.0,1.0,0,0.0,0.0,1.0
2026-01-22,21.44,-0.0040876997398735515,False,1.0,-0.0040876997398735515,0.6526864943929782,0,1.0,-0.0040876997398735515,0.7585162563709383,0,0.0,-0.0,1.059626803325462,0,0.0,-0.0,1.0,0,0.0,-0.0,1.0,0,0.0,-0.0,1.0,0,0.0,-0.0,1.0,0,0.0,-0.0,1.0
2026-01-23,22.634,0.05569029850746254,False,1.0,0.05569029850746254,0.6890348000975125,0,1.0,0.05569029850746254,0.8007582531109989,0,0.0,0.0,1.059626803325462,0,0.0,0.0,1.0,0,0.0,0.0,1.0,0,0.0,0.0,1.0,0,0.0,0.0,1.0,0,0.0,0.0,1.0
2026-01-24,23.204,0.025183352478572063,False,1.0,0.025183352478572063,0.7063870063383706,0,1.0,0.025183352478572063,0.8209240304492188,0,0.0,0.0,1.059626803325462,0,0.0,0.0,1.0,0,0.0,0.0,1.0,0,0.0,0.0,1.0,0,0.0,0.0,1.0,0,0.0,0.0,1.0
2026-01-25,22.193,-0.04357007412515079,False,1.0,-0.04357007412515079,0.6756096721111644,0,1.0,-0.04357007412515079,0.7851563095914288,0,0.0,-0.0,1.059626803325462,0,0.0,-0.0,1.0,0,0.0,-0.0,1.0,0,0.0,-0.0,1.0,0,0.0,-0.0,1.0,0,0.0,-0.0,1.0
2026-01-26,24.931,0.1233722344883521,False,1.0,0.1233722344883521,0.7589611470014617,0,1.0,0.1233722344883521,0.8820227979283517,0,0.0,0.0,1.059626803325462,0,0.0,0.0,1.0,0,0.0,0.0,1.0,0,0.0,0.0,1.0,0,0.0,0.0,1.0,0,0.0,0.0,1.0
2026-01-27,30.8,0.23540973085716566,True,1.0,0.23540973085716566,0.9376279863481215,1,1.0,0.23540973085716566,1.089659547398549,1,0.0,0.0,1.059626803325462,0,0.0,0.0,1.0,0,0.0,0.0,1.0,0,0.0,0.0,1.0,0,0.0,0.0,1.0,1,0.0,0.0,1.0
2026-01-28,34.428,0.11779220779220778,True,1.0,0.11779220779220778,1.0480732569478288,0,1.0,0.11779220779220778,1.218012951228482,1,1.0,0.11679220779220778,1.1833829571216423,0,0.0,0.0,1.0,0,0.0,0.0,1.0,0,0.0,0.0,1.0,0,0.0,0.0,1.0,0,1.0,0.11679220779220778,1.1167922077922077
2026-01-29,30.79,-0.10566980364819334,True,1.0,-0.10566980364819334,0.9373235616772293,0,1.0,-0.10566980364819334,1.0893057618312119,1,1.0,-0.10566980364819334,1.05833511240198,0,0.0,-0.0,1.0,0,0.0,-0.0,1.0,0,0.0,-0.0,1.0,0,0.0,-0.0,1.0,0,1.0,-0.10566980364819334,0.9987809944789727
2026-01-30,30.623,-0.005423838908736545,True,1.0,-0.005423838908736545,0.9322396696733288,0,1.0,-0.005423838908736545,1.0833975428566809,1,1.0,-0.005423838908736545,1.052594873240852,0,0.0,-0.0,1.0,0,0.0,-0.0,1.0,0,0.0,-0.0,1.0,0,0.0,-0.0,1.0,0,1.0,-0.005423838908736545,0.9933637672598111
2026-01-31,31.012,0.012702870391535726,True,1.0,0.012702870391535726,0.9440817893710372,0,1.0,0.012702870391535726,1.0971598014260975,1,1.0,0.012702870391535726,1.0659658494904256,0,0.0,0.0,1.0,0,0.0,0.0,1.0,0,0.0,0.0,1.0,0,0.0,0.0,1.0,0,1.0,0.012702870391535726,1.0059823384469602
2026-02-01,30.573,-0.014155810653940448,True,1.0,-0.014155810653940448,0.9307175463188675,0,1.0,-0.014155810653940448,1.0816286150199947,0,1.0,-0.014155810653940448,1.0508762387614723,0,0.0,-0.0,1.0,0,0.0,-0.0,1.0,0,0.0,-0.0,1.0,0,0.0,-0.0,1.0,0,1.0,-0.014155810653940448,0.9917418429426967
2026-02-02,33.282,0.08860759493670867,True,1.0,0.08860759493670867,1.013186189663577,0,1.0,0.08860759493670867,1.1774691252116396,1,1.0,0.08860759493670867,1.1439918548542607,0,0.0,0.0,1.0,0,0.0,0.0,1.0,0,0.0,0.0,1.0,0,0.0,0.0,1.0,0,1.0,0.08860759493670867,1.0796177024439482
2026-02-03,32.695,-0.01763716122829151,True,1.0,-0.01763716122829151,0.9953164614822021,0,1.0,-0.01763716122829151,1.1567019124089466,0,1.0,-0.01763716122829151,1.1238150860663438,0,0.0,-0.0,1.0,0,0.0,-0.0,1.0,0,0.0,-0.0,1.0,0,0.0,-0.0,1.0,0,1.0,-0.01763716122829151,1.0605763109610267
2026-02-04,35.48,0.08518122037008702,True,1.0,0.08518122037008702,1.0800987323256928,0,1.0,0.08518122037008702,1.255231192912354,1,1.0,0.08518122037008702,1.2195430265677893,0,0.0,0.0,1.0,0,0.0,0.0,1.0,0,0.0,0.0,1.0,0,0.0,0.0,1.0,0,1.0,0.08518122037008702,1.1509174954242918
2026-02-05,33.087,-0.0674464487034947,True,1.0,-0.0674464487034947,1.0072499085811784,0,1.0,-0.0674464487034947,1.1705703066485644,0,1.0,-0.0674464487034947,1.1372891803846803,0,0.0,-0.0,1.0,0,0.0,-0.0,1.0,0,0.0,-0.0,1.0,0,0.0,-0.0,1.0,0,1.0,-0.0674464487034947,1.0732921976072027
2026-02-06,32.377,-0.02145857889805669,True,1.0,-0.02145857889805669,0.9856357569478288,0,1.0,-0.02145857889805669,1.145451531367624,0,1.0,-0.02145857889805669,1.1128845707774895,0,0.0,-0.0,1.0,0,0.0,-0.0,1.0,0,0.0,-0.0,1.0,0,0.0,-0.0,1.0,0,1.0,-0.02145857889805669,1.05026087230418
2026-02-07,31.401,-0.030144855916236946,True,1.0,-0.030144855916236946,0.9559239090687454,0,1.0,-0.030144855916236946,1.1109220599955139,0,1.0,-0.030144855916236946,1.079336825739999,0,0.0,-0.0,1.0,0,0.0,-0.0,1.0,0,0.0,-0.0,1.0,0,0.0,-0.0,1.0,0,1.0,-0.030144855916236946,1.018600909634109
2026-02-08,32.441,0.0331199643323461,True,1.0,0.0331199643323461,0.9875840748415391,0,1.0,0.0331199643323461,1.1477157589985818,0,1.0,0.0331199643323461,1.1150844229110952,0,0.0,0.0,1.0,0,0.0,0.0,1.0,0,0.0,0.0,1.0,0,0.0,0.0,1.0,0,1.0,0.0331199643323461,1.052336935430086
2026-02-09,31.329,-0.03427761166425203,True,1.0,-0.03427761166425203,0.9537320514383212,0,1.0,-0.03427761166425203,1.1083748039106862,0,1.0,-0.03427761166425203,1.076861992089692,0,0.0,-0.0,1.0,0,0.0,-0.0,1.0,0,0.0,-0.0,1.0,0,0.0,-0.0,1.0,0,1.0,-0.03427761166425203,1.0162653386174645
2026-02-10,28.842,-0.07938331896964479,True,1.0,-0.07938331896964479,0.8780216357874192,0,1.0,-0.07938331896964479,1.0203883333139268,0,1.0,-0.07938331896964479,0.9913771130853489,0,0.0,-0.0,1.0,0,0.0,-0.0,1.0,0,0.0,-0.0,1.0,0,0.0,-0.0,1.0,0,1.0,-0.07938331896964479,0.9355908230842003
2026-02-11,29.38,0.01865335274946256,True,1.0,0.01865335274946256,0.894399683081422,0,1.0,0.01865335274946256,1.0394219968366676,0,1.0,0.01865335274946256,1.0098696200834738,0,0.0,0.0,1.0,0,0.0,0.0,1.0,0,0.0,0.0,1.0,0,0.0,0.0,1.0,0,1.0,0.01865335274946256,0.9530427287363499
2026-02-12,31.09,0.05820285908781497,True,1.0,0.05820285908781497,0.9464563018039964,0,1.0,0.05820285908781497,1.0999193288513274,0,1.0,0.05820285908781497,1.0686469192782575,0,0.0,0.0,1.0,0,0.0,0.0,1.0,0,0.0,0.0,1.0,0,0.0,0.0,1.0,0,1.0,0.05820285908781497,1.0085125403816584
2026-02-13,31.563,0.015213895143132872,True,1.0,0.015213895143132872,0.9608555887371998,0,1.0,0.015213895143132872,1.1166533861863766,0,1.0,0.015213895143132872,1.0849052014531888,0,0.0,0.0,1.0,0,0.0,0.0,1.0,0,0.0,0.0,1.0,0,0.0,0.0,1.0,0,1.0,0.015213895143132872,1.0238559444215596
2026-02-14,31.835,0.008617685264391994,True,1.0,0.008617685264391994,0.9691359397854691,0,1.0,0.008617685264391994,1.1262763536179483,0,1.0,0.008617685264391994,1.0942545730210143,0,0.0,0.0,1.0,0,0.0,0.0,1.0,0,0.0,0.0,1.0,0,0.0,0.0,1.0,0,1.0,0.008617685264391994,1.0326792127066613
2026-02-15,30.699,-0.03568399560232449,True,1.0,-0.03568399560232449,0.9345532971721098,0,1.0,-0.03568399560232449,1.0860863131684433,0,1.0,-0.03568399560232449,1.055207197649509,0,0.0,-0.0,1.0,0,0.0,-0.0,1.0,0,0.0,-0.0,1.0,0,0.0,-0.0,1.0,0,1.0,-0.03568399560232449,0.9958290922218249
2026-02-16,31.246,0.01781816997296315,True,1.0,0.01781816997296315,0.9512053266699155,0,1.0,0.01781816997296315,1.1054383837017876,0,1.0,0.01781816997296315,1.074009058853922,0,0.0,0.0,1.0,0,0.0,0.0,1.0,0,0.0,0.0,1.0,0,0.0,0.0,1.0,0,1.0,0.01781816997296315,1.013572944251055
2026-02-17,29.502,-0.05581514433847534,False,1.0,-0.05581514433847534,0.8981136640663077,0,0.0,-0.001,1.104332945318086,0,1.0,-0.05581514433847534,1.0140630882131603,0,0.0,-0.0,1.0,0,0.0,-0.0,1.0,0,0.0,-0.0,1.0,0,0.0,-0.0,1.0,0,0.0,-0.001,1.012559371306804
2026-02-18,28.672,-0.028133685851806645,False,1.0,-0.028133685851806645,0.8728464163822511,0,0.0,-0.0,1.104332945318086,0,1.0,-0.028133685851806645,0.9855337558554583,0,0.0,-0.0,1.0,0,0.0,-0.0,1.0,0,0.0,-0.0,1.0,0,0.0,-0.0,1.0,0,0.0,-0.0,1.012559371306804
2026-02-19,29.0,0.011439732142857206,False,1.0,0.011439732142857206,0.8828315455875169,0,0.0,0.0,1.104332945318086,0,1.0,0.011439732142857206,0.9968079980401888,0,0.0,0.0,1.0,0,0.0,0.0,1.0,0,0.0,0.0,1.0,0,0.0,0.0,1.0,0,0.0,0.0,1.012559371306804
2026-02-20,30.364,0.047034482758620655,False,1.0,0.047034482758620655,0.9243550706972193,0,0.0,0.0,1.104332945318086,0,1.0,0.047034482758620655,1.0436923466376653,0,0.0,0.0,1.0,0,0.0,0.0,1.0,0,0.0,0.0,1.0,0,0.0,0.0,1.0,0,0.0,0.0,1.012559371306804
2026-02-21,29.73,-0.020879989461204063,False,1.0,-0.020879989461204063,0.9050545465626508,0,0.0,-0.0,1.104332945318086,0,1.0,-0.020879989461204063,1.0219000614391316,0,0.0,-0.0,1.0,0,0.0,-0.0,1.0,0,0.0,-0.0,1.0,0,0.0,-0.0,1.0,0,0.0,-0.0,1.012559371306804
2026-02-22,29.015,-0.024049781365623968,False,1.0,-0.024049781365623968,0.8832881825938551,0,0.0,-0.0,1.104332945318086,0,1.0,-0.024049781365623968,0.9973235883840028,0,0.0,-0.0,1.0,0,0.0,-0.0,1.0,0,0.0,-0.0,1.0,0,0.0,-0.0,1.0,0,0.0,-0.0,1.012559371306804
2026-02-23,26.368,-0.09122867482336727,False,1.0,-0.09122867482336727,0.8027069722086773,0,0.0,-0.0,1.104332945318086,0,1.0,-0.09122867482336727,0.9063390790456448,0,0.0,-0.0,1.0,0,0.0,-0.0,1.0,0,0.0,-0.0,1.0,0,0.0,-0.0,1.0,0,0.0,-0.0,1.012559371306804
2026-02-24,27.08,0.027002427184465994,False,1.0,0.027002427184465994,0.8243820087762053,0,0.0,0.0,1.104332945318086,0,1.0,0.027002427184465994,0.9308124340320109,0,0.0,0.0,1.0,0,0.0,0.0,1.0,0,0.0,0.0,1.0,0,0.0,0.0,1.0,0,0.0,0.0,1.012559371306804
2026-02-25,27.884,0.029689807976366334,False,1.0,0.029689807976366334,0.848857752315942,0,0.0,0.0,1.104332945318086,0,0.0,-0.001,0.9298816215979788,0,0.0,0.0,1.0,0,0.0,0.0,1.0,0,0.0,0.0,1.0,0,0.0,0.0,1.0,0,0.0,0.0,1.012559371306804
2026-02-26,28.108,0.008033280734471404,False,1.0,0.008033280734471404,0.8556768649439284,0,0.0,0.0,1.104332945318086,0,0.0,0.0,0.9298816215979788,0,0.0,0.0,1.0,0,0.0,0.0,1.0,0,0.0,0.0,1.0,0,0.0,0.0,1.0,0,0.0,0.0,1.012559371306804
2026-02-27,27.279,-0.029493382666856416,False,1.0,-0.029493382666856416,0.8304400597269611,0,0.0,-0.0,1.104332945318086,0,0.0,-0.0,0.9298816215979788,0,0.0,-0.0,1.0,0,0.0,-0.0,1.0,0,0.0,-0.0,1.0,0,0.0,-0.0,1.0,0,0.0,-0.0,1.012559371306804
2026-02-28,31.204,0.14388357344477432,False,1.0,0.14388357344477432,0.9499267430521681,0,0.0,0.0,1.104332945318086,0,0.0,0.0,0.9298816215979788,0,0.0,0.0,1.0,0,0.0,0.0,1.0,0,0.0,0.0,1.0,0,0.0,0.0,1.0,0,0.0,0.0,1.012559371306804
2026-03-01,31.53,0.010447378541212693,True,1.0,0.010447378541212693,0.9598509873232554,0,0.0,0.0,1.104332945318086,0,0.0,0.0,0.9298816215979788,0,0.0,0.0,1.0,0,0.0,0.0,1.0,0,0.0,0.0,1.0,0,0.0,0.0,1.0,0,0.0,0.0,1.012559371306804
2026-03-02,32.809,0.04056454170631141,True,1.0,0.04056454170631141,0.9987869027303737,0,0.0,0.0,1.104332945318086,0,0.0,0.0,0.9298816215979788,0,0.0,0.0,1.0,0,0.0,0.0,1.0,0,0.0,0.0,1.0,0,0.0,0.0,1.0,0,0.0,0.0,1.012559371306804
2026-03-03,31.288,-0.04635923069889347,True,1.0,-0.04635923069889347,0.9524839102876631,0,0.0,-0.0,1.104332945318086,0,0.0,-0.0,0.9298816215979788,0,0.0,-0.0,1.0,0,0.0,-0.0,1.0,0,0.0,-0.0,1.0,0,0.0,-0.0,1.0,0,0.0,-0.0,1.012559371306804
2026-03-04,32.145,0.027390692917412585,True,1.0,0.027390692917412585,0.9785731045831288,0,0.0,0.0,1.104332945318086,0,0.0,0.0,0.9298816215979788,0,0.0,0.0,1.0,0,0.0,0.0,1.0,0,0.0,0.0,1.0,0,0.0,0.0,1.0,0,0.0,0.0,1.012559371306804
2026-03-05,30.535,-0.050085549852232125,False,1.0,-0.050085549852232125,0.929560732569477,0,0.0,-0.0,1.104332945318086,0,0.0,-0.0,0.9298816215979788,0,0.0,-0.0,1.0,0,0.0,-0.0,1.0,0,0.0,-0.0,1.0,0,0.0,-0.0,1.0,0,0.0,-0.0,1.012559371306804
2026-03-06,31.019,0.015850663173407442,False,1.0,0.015850663173407442,0.9442948866406616,0,0.0,0.0,1.104332945318086,0,0.0,0.0,0.9298816215979788,0,0.0,0.0,1.0,0,0.0,0.0,1.0,0,0.0,0.0,1.0,0,0.0,0.0,1.0,0,0.0,0.0,1.012559371306804
2026-03-07,30.288,-0.023566201360456396,False,1.0,-0.023566201360456396,0.9220414431984385,0,0.0,-0.0,1.104332945318086,0,0.0,-0.0,0.9298816215979788,0,0.0,-0.0,1.0,0,0.0,-0.0,1.0,0,0.0,-0.0,1.0,0,0.0,-0.0,1.0,0,0.0,-0.0,1.012559371306804
2026-03-08,30.685,0.013107501320654968,False,1.0,0.013107501320654968,0.9341271026328607,0,0.0,0.0,1.104332945318086,0,0.0,0.0,0.9298816215979788,0,0.0,0.0,1.0,0,0.0,0.0,1.0,0,0.0,0.0,1.0,0,0.0,0.0,1.0,0,0.0,0.0,1.012559371306804
2026-03-09,34.661,0.129574710770735,True,1.0,0.129574710770735,1.0551663517796184,0,0.0,0.0,1.104332945318086,1,0.0,0.0,0.9298816215979788,0,0.0,0.0,1.0,0,0.0,0.0,1.0,0,0.0,0.0,1.0,0,0.0,0.0,1.0,0,0.0,0.0,1.012559371306804
2026-03-10,34.151,-0.014713943625400239,True,1.0,-0.014713943625400239,1.0396406935641138,0,0.0,-0.0,1.104332945318086,0,1.0,-0.01571394362540024,0.9152695142178924,0,0.0,-0.0,1.0,0,0.0,-0.0,1.0,0,0.0,-0.0,1.0,0,0.0,-0.0,1.0,0,0.0,-0.0,1.012559371306804
2026-03-11,36.206,0.06017393341336996,True,1.0,0.06017393341336996,1.1021999634324706,0,0.0,0.0,1.104332945318086,0,1.0,0.06017393341336996,0.9703448810217273,0,0.0,0.0,1.0,0,0.0,0.0,1.0,0,0.0,0.0,1.0,0,0.0,0.0,1.0,0,0.0,0.0,1.012559371306804
2026-03-12,37.248,0.028779760260730036,True,1.0,0.028779760260730036,1.1339210141394425,0,0.0,0.0,1.104332945318086,0,1.0,0.028779760260730036,0.9982711740677592,0,0.0,0.0,1.0,0,0.0,0.0,1.0,0,0.0,0.0,1.0,0,0.0,0.0,1.0,0,0.0,0.0,1.012559371306804
2026-03-13,36.43,-0.02196091065292094,True,1.0,-0.02196091065292094,1.1090190760604566,0,0.0,-0.0,1.104332945318086,0,1.0,-0.02196091065292094,0.9763482300066707,0,0.0,-0.0,1.0,0,0.0,-0.0,1.0,0,0.0,-0.0,1.0,0,0.0,-0.0,1.0,0,0.0,-0.0,1.012559371306804
2026-03-14,37.793,0.037414219050233344,True,1.0,0.037414219050233344,1.15051215870307,0,0.0,0.0,1.104332945318086,0,1.0,0.037414219050233344,1.012877536553448,0,0.0,0.0,1.0,0,0.0,0.0,1.0,0,0.0,0.0,1.0,0,0.0,0.0,1.0,0,0.0,0.0,1.012559371306804
2026-03-15,37.242,-0.014579419469213928,True,1.0,-0.014579419469213928,1.133738359336907,0,0.0,-0.0,1.104332945318086,0,1.0,-0.014579419469213928,0.9981103700770911,0,0.0,-0.0,1.0,0,0.0,-0.0,1.0,0,0.0,-0.0,1.0,0,0.0,-0.0,1.0,0,0.0,-0.0,1.012559371306804
2026-03-16,40.784,0.09510767413135701,True,1.0,0.09510767413135701,1.241565577766941,0,0.0,0.0,1.104332945318086,0,1.0,0.09510767413135701,1.0930383259015113,0,0.0,0.0,1.0,0,0.0,0.0,1.0,0,0.0,0.0,1.0,0,0.0,0.0,1.0,0,0.0,0.0,1.012559371306804
2026-03-17,41.146,0.008876029815614084,True,1.0,0.008876029815614084,1.2525857508532405,0,0.0,0.0,1.104332945318086,0,1.0,0.008876029815614084,1.102740166671822,0,0.0,0.0,1.0,0,0.0,0.0,1.0,0,0.0,0.0,1.0,0,0.0,0.0,1.0,0,0.0,0.0,1.012559371306804
2026-03-18,42.079,0.022675351188450987,True,1.0,0.022675351188450987,1.2809885726474872,0,0.0,0.0,1.104332945318086,0,1.0,0.022675351188450987,1.1277451872207165,0,0.0,0.0,1.0,0,0.0,0.0,1.0,0,0.0,0.0,1.0,0,0.0,0.0,1.0,0,0.0,0.0,1.012559371306804
2026-03-19,39.329,-0.06535326409848141,True,1.0,-0.06535326409848141,1.1972717881521193,0,0.0,-0.0,1.104332945318086,0,1.0,-0.06535326409848141,1.0540433581644897,0,0.0,-0.0,1.0,0,0.0,-0.0,1.0,0,0.0,-0.0,1.0,0,0.0,-0.0,1.0,0,0.0,-0.0,1.012559371306804
2026-03-20,39.528,0.0050598794782474865,True,1.0,0.0050598794782474865,1.2033298391028748,0,0.0,0.0,1.104332945318086,0,1.0,0.0050598794782474865,1.0593766905216493,0,0.0,0.0,1.0,0,0.0,0.0,1.0,0,0.0,0.0,1.0,0,0.0,0.0,1.0,0,0.0,0.0,1.012559371306804
2026-03-21,39.135,-0.009942319368548946,True,1.0,-0.009942319368548946,1.1913659495368094,0,0.0,-0.0,1.104332945318086,0,1.0,-0.009942319368548946,1.0488440291328867,0,0.0,-0.0,1.0,0,0.0,-0.0,1.0,0,0.0,-0.0,1.0,0,0.0,-0.0,1.0,0,0.0,-0.0,1.012559371306804
2026-03-22,38.342,-0.02026319151654532,True,1.0,-0.02026319151654532,1.1672250731350542,0,0.0,-0.0,1.104332945318086,0,1.0,-0.02026319151654532,1.027591101699582,0,0.0,-0.0,1.0,0,0.0,-0.0,1.0,0,0.0,-0.0,1.0,0,0.0,-0.0,1.0,0,0.0,-0.0,1.012559371306804
2026-03-23,37.341,-0.026107140994209965,True,1.0,-0.026107140994209965,1.1367521635787403,0,0.0,-0.0,1.104332945318086,0,1.0,-0.026107140994209965,1.0007636359231156,0,0.0,-0.0,1.0,0,0.0,-0.0,1.0,0,0.0,-0.0,1.0,0,0.0,-0.0,1.0,0,0.0,-0.0,1.012559371306804
2026-03-24,40.321,0.07980504003642097,True,1.0,0.07980504003642097,1.2274707155046298,0,0.0,0.0,1.104332945318086,0,1.0,0.07980504003642097,1.080629617954954,0,0.0,0.0,1.0,0,0.0,0.0,1.0,0,0.0,0.0,1.0,0,0.0,0.0,1.0,0,0.0,0.0,1.012559371306804
2026-03-25,40.308,-0.0003224126385753534,True,1.0,-0.0003224126385753534,1.22707496343247,0,0.0,-0.0,1.104332945318086,0,1.0,-0.0003224126385753534,1.0802812093085064,0,0.0,-0.0,1.0,0,0.0,-0.0,1.0,0,0.0,-0.0,1.0,0,0.0,-0.0,1.0,0,0.0,-0.0,1.012559371306804
2026-03-26,39.149,-0.028753597300783973,True,1.0,-0.028753597300783973,1.1917921440760586,0,0.0,-0.0,1.104332945318086,0,1.0,-0.028753597300783973,1.0492192384444456,0,0.0,-0.0,1.0,0,0.0,-0.0,1.0,0,0.0,-0.0,1.0,0,0.0,-0.0,1.0,0,0.0,-0.0,1.012559371306804
2026-03-27,38.658,-0.01254182737745535,True,1.0,-0.01254182737745535,1.1768448927352493,0,0.0,-0.0,1.104332945318086,0,1.0,-0.01254182737745535,1.0360601118747703,0,0.0,-0.0,1.0,0,0.0,-0.0,1.0,0,0.0,-0.0,1.0,0,0.0,-0.0,1.0,0,0.0,-0.0,1.012559371306804
2026-03-28,39.462,0.02079776501629671,True,1.0,0.02079776501629671,1.201320636274986,0,0.0,0.0,1.104332945318086,0,1.0,0.02079776501629671,1.0576078466243,0,0.0,0.0,1.0,0,0.0,0.0,1.0,0,0.0,0.0,1.0,0,0.0,0.0,1.0,0,0.0,0.0,1.012559371306804
2026-03-29,37.838,-0.041153514773706434,True,1.0,-0.041153514773706434,1.1518820697220848,0,0.0,-0.0,1.104332945318086,0,1.0,-0.041153514773706434,1.0140835664834589,0,0.0,-0.0,1.0,0,0.0,-0.0,1.0,0,0.0,-0.0,1.0,0,0.0,-0.0,1.0,0,0.0,-0.0,1.012559371306804
2026-03-30,36.839,-0.026402029705587027,True,1.0,-0.026402029705587027,1.1214700450999493,0,0.0,-0.0,1.104332945318086,0,0.0,-0.001,1.0130694829169755,0,0.0,-0.0,1.0,0,0.0,-0.0,1.0,0,0.0,-0.0,1.0,0,0.0,-0.0,1.0,0,0.0,-0.0,1.012559371306804
2026-03-31,36.599,-0.006514834821792159,True,1.0,-0.006514834821792159,1.1141638529985354,0,0.0,-0.0,1.104332945318086,0,0.0,-0.0,1.0130694829169755,0,0.0,-0.0,1.0,0,0.0,-0.0,1.0,0,0.0,-0.0,1.0,0,0.0,-0.0,1.0,0,0.0,-0.0,1.012559371306804
2026-04-01,36.025,-0.01568348861990765,False,1.0,-0.01568348861990765,1.0966898768893203,0,0.0,-0.0,1.104332945318086,0,0.0,-0.0,1.0130694829169755,0,0.0,-0.0,1.0,0,0.0,-0.0,1.0,0,0.0,-0.0,1.0,0,0.0,-0.0,1.0,0,0.0,-0.0,1.012559371306804
2026-04-02,35.188,-0.023233865371269813,False,1.0,-0.023233865371269813,1.0712095319356394,0,0.0,-0.0,1.104332945318086,0,0.0,-0.0,1.0130694829169755,0,0.0,-0.0,1.0,0,0.0,-0.0,1.0,0,0.0,-0.0,1.0,0,0.0,-0.0,1.0,0,0.0,-0.0,1.012559371306804
2026-04-03,35.602,0.011765374559508768,False,1.0,0.011765374559508768,1.0838127133105782,0,0.0,0.0,1.104332945318086,0,0.0,0.0,1.0130694829169755,0,0.0,0.0,1.0,0,0.0,0.0,1.0,0,0.0,0.0,1.0,0,0.0,0.0,1.0,0,0.0,0.0,1.012559371306804
2026-04-04,36.361,0.021319027020953785,False,1.0,0.021319027020953785,1.1069185458312996,0,0.0,0.0,1.104332945318086,0,0.0,0.0,1.0130694829169755,0,0.0,0.0,1.0,0,0.0,0.0,1.0,0,0.0,0.0,1.0,0,0.0,0.0,1.0,0,0.0,0.0,1.012559371306804
2026-04-05,36.844,0.01328346305107142,False,1.0,0.01328346305107142,1.1216222574353953,0,0.0,0.0,1.104332945318086,0,0.0,0.0,1.0130694829169755,0,0.0,0.0,1.0,0,0.0,0.0,1.0,0,0.0,0.0,1.0,0,0.0,0.0,1.0,0,0.0,0.0,1.012559371306804
2026-04-06,36.289,-0.015063511019433262,False,1.0,-0.015063511019433262,1.1047266882008757,0,0.0,-0.0,1.104332945318086,0,0.0,-0.0,1.0130694829169755,0,0.0,-0.0,1.0,0,0.0,-0.0,1.0,0,0.0,-0.0,1.0,0,0.0,-0.0,1.0,0,0.0,-0.0,1.012559371306804
2026-04-07,38.601,0.06371076634792905,False,1.0,0.06371076634792905,1.1751096721111631,0,0.0,0.0,1.104332945318086,0,0.0,0.0,1.0130694829169755,0,0.0,0.0,1.0,0,0.0,0.0,1.0,0,0.0,0.0,1.0,0,0.0,0.0,1.0,0,0.0,0.0,1.012559371306804
2026-04-08,38.738,0.0035491308515323006,False,1.0,0.0035491308515323006,1.1792802901023869,0,0.0,0.0,1.104332945318086,0,0.0,0.0,1.0130694829169755,0,0.0,0.0,1.0,0,0.0,0.0,1.0,0,0.0,0.0,1.0,0,0.0,0.0,1.0,0,0.0,0.0,1.012559371306804
2026-04-09,39.452,0.018431514275388583,False,1.0,0.018431514275388583,1.2010162116040934,0,0.0,0.0,1.104332945318086,0,0.0,0.0,1.0130694829169755,0,0.0,0.0,1.0,0,0.0,0.0,1.0,0,0.0,0.0,1.0,0,0.0,0.0,1.0,0,0.0,0.0,1.012559371306804
2026-04-10,41.577,0.05386292203183607,True,1.0,0.05386292203183607,1.2657064541686958,0,0.0,0.0,1.104332945318086,0,0.0,0.0,1.0130694829169755,0,0.0,0.0,1.0,0,0.0,0.0,1.0,0,0.0,0.0,1.0,0,0.0,0.0,1.0,0,0.0,0.0,1.012559371306804
2026-04-11,42.242,0.015994419991822273,True,1.0,0.015994419991822273,1.28595069478303,0,0.0,0.0,1.104332945318086,0,0.0,0.0,1.0130694829169755,0,0.0,0.0,1.0,0,0.0,0.0,1.0,0,0.0,0.0,1.0,0,0.0,0.0,1.0,0,0.0,0.0,1.012559371306804
2026-04-12,40.823,-0.033592159462146554,True,1.0,-0.033592159462146554,1.2427528339834202,0,0.0,-0.0,1.104332945318086,0,0.0,-0.0,1.0130694829169755,0,0.0,-0.0,1.0,0,0.0,-0.0,1.0,0,0.0,-0.0,1.0,0,0.0,-0.0,1.0,0,0.0,-0.0,1.012559371306804
2026-04-13,44.276,0.08458467040638862,True,1.0,0.08458467040638862,1.3478706728425132,0,0.0,0.0,1.104332945318086,0,0.0,0.0,1.0130694829169755,0,0.0,0.0,1.0,0,0.0,0.0,1.0,0,0.0,0.0,1.0,0,0.0,0.0,1.0,0,0.0,0.0,1.012559371306804
2026-04-14,43.499,-0.01754901075074533,True,1.0,-0.01754901075074533,1.3242168759141855,0,0.0,-0.0,1.104332945318086,0,0.0,-0.0,1.0130694829169755,0,0.0,-0.0,1.0,0,0.0,-0.0,1.0,0,0.0,-0.0,1.0,0,0.0,-0.0,1.0,0,0.0,-0.0,1.012559371306804
2026-04-15,44.619,0.025747718338352543,True,1.0,0.025747718338352543,1.358312439054117,0,0.0,0.0,1.104332945318086,0,0.0,0.0,1.0130694829169755,0,0.0,0.0,1.0,0,0.0,0.0,1.0,0,0.0,0.0,1.0,0,0.0,0.0,1.0,0,0.0,0.0,1.012559371306804
2026-04-16,43.787,-0.018646764831125817,True,1.0,-0.018646764831125817,1.332984306435882,0,0.0,-0.0,1.104332945318086,0,0.0,-0.0,1.0130694829169755,0,0.0,-0.0,1.0,0,0.0,-0.0,1.0,0,0.0,-0.0,1.0,0,0.0,-0.0,1.0,0,0.0,-0.0,1.012559371306804
2026-04-17,44.608,0.018749857263571368,True,1.0,0.018749857263571368,1.3579775719161353,0,0.0,0.0,1.104332945318086,0,0.0,0.0,1.0130694829169755,0,0.0,0.0,1.0,0,0.0,0.0,1.0,0,0.0,0.0,1.0,0,0.0,0.0,1.0,0,0.0,0.0,1.012559371306804
2026-04-18,43.77,-0.01878586800573878,True,1.0,-0.01878586800573878,1.3324667844953653,0,0.0,-0.0,1.104332945318086,0,0.0,-0.0,1.0130694829169755,0,0.0,-0.0,1.0,0,0.0,-0.0,1.0,0,0.0,-0.0,1.0,0,0.0,-0.0,1.0,0,0.0,-0.0,1.012559371306804
2026-04-19,40.703,-0.07007082476582138,True,1.0,-0.07007082476582138,1.239099737932713,0,0.0,-0.0,1.104332945318086,0,0.0,-0.0,1.0130694829169755,0,0.0,-0.0,1.0,0,0.0,-0.0,1.0,0,0.0,-0.0,1.0,0,0.0,-0.0,1.0,0,0.0,-0.0,1.012559371306804
2026-04-20,40.688,-0.0003685232046778397,True,1.0,-0.0003685232046778397,1.2386431009263748,0,0.0,-0.0,1.104332945318086,0,0.0,-0.0,1.0130694829169755,0,0.0,-0.0,1.0,0,0.0,-0.0,1.0,0,0.0,-0.0,1.0,0,0.0,-0.0,1.0,0,0.0,-0.0,1.012559371306804
2026-04-21,39.754,-0.022955171057805868,True,1.0,-0.022955171057805868,1.2102098366650387,0,0.0,-0.0,1.104332945318086,0,0.0,-0.0,1.0130694829169755,0,0.0,-0.0,1.0,0,0.0,-0.0,1.0,0,0.0,-0.0,1.0,0,0.0,-0.0,1.0,0,0.0,-0.0,1.012559371306804
2026-04-22,41.131,0.03463802384665704,True,1.0,0.03463802384665704,1.2521291138469013,0,0.0,0.0,1.104332945318086,0,0.0,0.0,1.0130694829169755,0,0.0,0.0,1.0,0,0.0,0.0,1.0,0,0.0,0.0,1.0,0,0.0,0.0,1.0,0,0.0,0.0,1.012559371306804
2026-04-23,41.289,0.0038413848435487896,True,1.0,0.0038413848435487896,1.256939023646999,0,0.0,0.0,1.104332945318086,0,0.0,0.0,1.0130694829169755,0,0.0,0.0,1.0,0,0.0,0.0,1.0,0,0.0,0.0,1.0,0,0.0,0.0,1.0,0,0.0,0.0,1.012559371306804
2026-04-24,41.146,-0.0034633921867810447,True,1.0,-0.0034633921867810447,1.2525857508532399,0,0.0,-0.0,1.104332945318086,0,0.0,-0.0,1.0130694829169755,0,0.0,-0.0,1.0,0,0.0,-0.0,1.0,0,0.0,-0.0,1.0,0,0.0,-0.0,1.0,0,0.0,-0.0,1.012559371306804
2026-04-25,41.474,0.007971613279541101,True,1.0,0.007971613279541101,1.2625708800585056,0,0.0,0.0,1.104332945318086,0,0.0,0.0,1.0130694829169755,0,0.0,0.0,1.0,0,0.0,0.0,1.0,0,0.0,0.0,1.0,0,0.0,0.0,1.0,0,0.0,0.0,1.012559371306804
2026-04-26,42.428,0.02300236292617064,True,1.0,0.02300236292617064,1.291612993661626,0,0.0,0.0,1.104332945318086,0,0.0,0.0,1.0130694829169755,0,0.0,0.0,1.0,0,0.0,0.0,1.0,0,0.0,0.0,1.0,0,0.0,0.0,1.0,0,0.0,0.0,1.012559371306804
2026-04-27,41.63,-0.018808334118977865,True,1.0,-0.018808334118977865,1.267319904924425,0,0.0,-0.0,1.104332945318086,0,0.0,-0.0,1.0130694829169755,0,0.0,-0.0,1.0,0,0.0,-0.0,1.0,0,0.0,-0.0,1.0,0,0.0,-0.0,1.0,0,0.0,-0.0,1.012559371306804
2026-04-28,40.164,-0.0352149891904876,True,1.0,-0.0352149891904876,1.2226912481716217,0,0.0,-0.0,1.104332945318086,0,0.0,-0.0,1.0130694829169755,0,0.0,-0.0,1.0,0,0.0,-0.0,1.0,0,0.0,-0.0,1.0,0,0.0,-0.0,1.0,0,0.0,-0.0,1.012559371306804
2026-04-29,39.933,-0.005751419181356465,True,1.0,-0.005751419181356465,1.2156590382740107,0,0.0,-0.0,1.104332945318086,0,0.0,-0.0,1.0130694829169755,0,0.0,-0.0,1.0,0,0.0,-0.0,1.0,0,0.0,-0.0,1.0,0,0.0,-0.0,1.0,0,0.0,-0.0,1.012559371306804
2026-04-30,39.699,-0.005859815190443984,False,1.0,-0.005859815190443984,1.2085355009751322,0,0.0,-0.0,1.104332945318086,0,0.0,-0.0,1.0130694829169755,0,0.0,-0.0,1.0,0,0.0,-0.0,1.0,0,0.0,-0.0,1.0,0,0.0,-0.0,1.0,0,0.0,-0.0,1.012559371306804
2026-05-01,41.15,0.036550039043804716,False,1.0,0.036550039043804716,1.2527075207215974,0,0.0,0.0,1.104332945318086,0,0.0,0.0,1.0130694829169755,0,0.0,0.0,1.0,0,0.0,0.0,1.0,0,0.0,0.0,1.0,0,0.0,0.0,1.0,0,0.0,0.0,1.012559371306804
2026-05-02,41.254,0.0025273390036451016,True,1.0,0.0025273390036451016,1.2558735372988767,0,0.0,0.0,1.104332945318086,0,0.0,0.0,1.0130694829169755,0,0.0,0.0,1.0,0,0.0,0.0,1.0,0,0.0,0.0,1.0,0,0.0,0.0,1.0,0,0.0,0.0,1.012559371306804
2026-05-03,41.54,0.006932661075289781,False,1.0,0.006932661075289781,1.2645800828863951,0,0.0,0.0,1.104332945318086,0,0.0,0.0,1.0130694829169755,0,0.0,0.0,1.0,0,0.0,0.0,1.0,0,0.0,0.0,1.0,0,0.0,0.0,1.0,0,0.0,0.0,1.012559371306804
2026-05-04,41.805,0.006379393355801621,False,1.0,0.006379393355801621,1.2726473366650397,0,0.0,0.0,1.104332945318086,0,0.0,0.0,1.0130694829169755,0,0.0,0.0,1.0,0,0.0,0.0,1.0,0,0.0,0.0,1.0,0,0.0,0.0,1.0,0,0.0,0.0,1.012559371306804
2026-05-05,43.69,0.04509030020332494,False,1.0,0.04509030020332494,1.3300313871282283,0,0.0,0.0,1.104332945318086,0,0.0,0.0,1.0130694829169755,0,0.0,0.0,1.0,0,0.0,0.0,1.0,0,0.0,0.0,1.0,0,0.0,0.0,1.0,0,0.0,0.0,1.012559371306804
2026-05-06,43.103,-0.013435568780041152,False,1.0,-0.013435568780041152,1.3121616589468534,0,0.0,-0.0,1.104332945318086,0,0.0,-0.0,1.0130694829169755,0,0.0,-0.0,1.0,0,0.0,-0.0,1.0,0,0.0,-0.0,1.0,0,0.0,-0.0,1.0,0,0.0,-0.0,1.012559371306804
2026-05-07,42.52,-0.013525740667702957,False,1.0,-0.013525740667702957,1.2944137006338354,0,0.0,-0.0,1.104332945318086,0,0.0,-0.0,1.0130694829169755,0,0.0,-0.0,1.0,0,0.0,-0.0,1.0,0,0.0,-0.0,1.0,0,0.0,-0.0,1.0,0,0.0,-0.0,1.012559371306804
2026-05-08,43.235,0.016815616180620774,False,1.0,0.016815616180620774,1.316180064602631,0,0.0,0.0,1.104332945318086,0,0.0,0.0,1.0130694829169755,0,0.0,0.0,1.0,0,0.0,0.0,1.0,0,0.0,0.0,1.0,0,0.0,0.0,1.0,0,0.0,0.0,1.012559371306804
2026-05-09,42.91,-0.00751705793916968,True,1.0,-0.00751705793916968,1.306286262798633,0,0.0,-0.0,1.104332945318086,0,0.0,-0.0,1.0130694829169755,0,0.0,-0.0,1.0,0,0.0,-0.0,1.0,0,0.0,-0.0,1.0,0,0.0,-0.0,1.0,0,0.0,-0.0,1.012559371306804
2026-05-10,42.996,0.002004194826380923,True,1.0,0.002004194826380923,1.3089043149683064,0,0.0,0.0,1.104332945318086,0,0.0,0.0,1.0130694829169755,0,0.0,0.0,1.0,0,0.0,0.0,1.0,0,0.0,0.0,1.0,0,0.0,0.0,1.0,0,0.0,0.0,1.012559371306804
2026-05-11,41.995,-0.02328123546376415,True,1.0,-0.02328123546376415,1.2784314054119923,0,0.0,-0.0,1.104332945318086,0,0.0,-0.0,1.0130694829169755,0,0.0,-0.0,1.0,0,0.0,-0.0,1.0,0,0.0,-0.0,1.0,0,0.0,-0.0,1.0,0,0.0,-0.0,1.012559371306804
2026-05-12,40.243,-0.0417192522919394,False,1.0,-0.0417192522919394,1.2250962030716708,0,0.0,-0.0,1.104332945318086,0,0.0,-0.0,1.0130694829169755,0,0.0,-0.0,1.0,0,0.0,-0.0,1.0,0,0.0,-0.0,1.0,0,0.0,-0.0,1.0,0,0.0,-0.0,1.012559371306804
2026-05-13,38.821,-0.03533533782272702,False,1.0,-0.03533533782272702,1.181807014870793,0,0.0,-0.0,1.104332945318086,0,0.0,-0.0,1.0130694829169755,0,0.0,-0.0,1.0,0,0.0,-0.0,1.0,0,0.0,-0.0,1.0,0,0.0,-0.0,1.0,0,0.0,-0.0,1.012559371306804
2026-05-14,44.125,0.13662708327966833,True,1.0,0.13662708327966833,1.343273860312041,0,0.0,0.0,1.104332945318086,1,0.0,0.0,1.0130694829169755,0,0.0,0.0,1.0,0,0.0,0.0,1.0,0,0.0,0.0,1.0,0,0.0,0.0,1.0,0,0.0,0.0,1.012559371306804
2026-05-15,44.168,0.0009745042492916856,True,1.0,0.0009745042492916856,1.3445828863968776,0,0.0,0.0,1.104332945318086,0,1.0,-2.5495750708314467e-05,1.013043653949989,0,0.0,0.0,1.0,0,0.0,0.0,1.0,0,0.0,0.0,1.0,0,0.0,0.0,1.0,0,0.0,0.0,1.012559371306804
2026-05-16,41.811,-0.05336442673428721,False,1.0,-0.05336442673428721,1.272829991467575,0,0.0,-0.0,1.104332945318086,0,1.0,-0.05336442673428721,0.9589831601001402,0,0.0,-0.0,1.0,0,0.0,-0.0,1.0,0,0.0,-0.0,1.0,0,0.0,-0.0,1.0,0,0.0,-0.0,1.012559371306804
2026-05-17,45.7,0.09301380019612071,True,1.0,0.09301380019612071,1.39122074597757,0,0.0,0.0,1.104332945318086,0,1.0,0.09301380019612071,1.0481818281451392,0,0.0,0.0,1.0,0,0.0,0.0,1.0,0,0.0,0.0,1.0,0,0.0,0.0,1.0,0,0.0,0.0,1.012559371306804
2026-05-18,47.74,0.04463894967177251,True,1.0,0.04463894967177251,1.4533233788395885,0,0.0,0.0,1.104332945318086,0,1.0,0.04463894967177251,1.0949715640185764,0,0.0,0.0,1.0,0,0.0,0.0,1.0,0,0.0,0.0,1.0,0,0.0,0.0,1.0,0,0.0,0.0,1.012559371306804
