date,open_time,open,high,low,close,volume,quote_volume,trade_count
2025-05-30,1748563200000,33.387,34.348,31.369,32.816,3866226.57,127370870.60909,453676
2025-05-31,1748649600000,32.83,33.663,30.724,32.671,5212805.58,168002047.69254,743949
2025-06-01,1748736000000,32.671,34.279,31.505,34.152,3206031.45,104767689.61596,573983
2025-06-02,1748822400000,34.156,36.66,32.417,36.474,4454011.49,151843588.87449,760665
2025-06-03,1748908800000,36.477,38.238,35.658,36.092,5754781.17,212635077.09627,959771
2025-06-04,1748995200000,36.093,37.24,34.479,35.632,5221223.4,188956971.74026,910258
2025-06-05,1749081600000,35.64,36.426,32.626,34.024,6408548.66,220575718.3804,1041478
2025-06-06,1749168000000,34.025,35.613,33.081,33.333,5013806.94,172513518.08056,766797
2025-06-07,1749254400000,33.334,35.162,33.01,34.921,2809657.95,96046906.40567,472704
2025-06-08,1749340800000,34.917,36.328,34.491,34.984,3271157.06,115723076.89457,535862
2025-06-09,1749427200000,34.987,39.166,34.706,38.848,6898520.09,255094455.7661,916625
2025-06-10,1749513600000,38.848,42.411,38.404,42.241,9124540.17,368309683.96622,1328877
2025-06-11,1749600000000,42.24,44.088,40.71,41.828,7589698.18,320280966.19931,1220564
2025-06-12,1749686400000,41.823,43.913,40.3,40.516,9401867.95,392927514.8543,1375367
2025-06-13,1749772800000,40.52,43.065,37.338,42.297,16860067.9,671037682.25069,2001130
2025-06-14,1749859200000,42.299,42.723,38.867,40.13,7391611.45,303307422.51744,1008349
2025-06-15,1749945600000,40.13,41.478,39.684,41.193,6187277.84,251352806.9959,927539
2025-06-16,1750032000000,41.191,45.846,40.686,41.918,12652591.02,554606301.7991,1581413
2025-06-17,1750118400000,41.92,43.541,38.314,39.968,16344283.26,664355774.94538,1876107
2025-06-18,1750204800000,39.968,41.122,37.561,39.48,15304531.32,600495721.36056,1681704
2025-06-19,1750291200000,39.476,40.0,35.8,36.876,12321573.01,459776631.88381,1411156
2025-06-20,1750377600000,36.877,37.901,33.074,33.387,16615184.89,589318121.76425,1753685
2025-06-21,1750464000000,33.388,35.312,30.913,34.421,15063399.4,502769650.74856,1576190
2025-06-22,1750550400000,34.419,36.065,31.6,35.754,21995077.03,740424265.83518,2203215
2025-06-23,1750636800000,35.761,38.485,33.272,38.175,20158301.32,724151245.99616,2250053
2025-06-24,1750723200000,38.178,38.936,36.25,37.512,12649596.36,472179792.54161,1501075
2025-06-25,1750809600000,37.513,39.096,36.677,37.016,10160149.13,384249505.56163,1286167
2025-06-26,1750896000000,37.017,38.104,35.735,35.803,9364452.83,347675753.16321,1135667
2025-06-27,1750982400000,35.802,37.285,35.347,36.622,5586862.23,203936986.12726,853681
2025-06-28,1751068800000,36.623,37.907,36.219,37.798,3212373.58,118988522.6336,539096
2025-06-29,1751155200000,37.799,39.901,37.489,39.775,5358852.29,206621262.23037,741714
2025-06-30,1751241600000,39.778,41.269,39.156,39.55,8197865.1,329367290.46889,1067155
2025-07-01,1751328000000,39.556,39.809,36.839,36.909,8575987.39,329593835.8827,1015759
2025-07-02,1751414400000,36.91,40.38,36.809,39.877,7829646.81,302194164.96294,1047228
2025-07-03,1751500800000,39.877,41.218,39.553,40.254,5930628.57,239311559.37122,852939
2025-07-04,1751587200000,40.253,40.437,37.545,38.962,6128319.75,236831431.82914,795185
2025-07-05,1751673600000,38.961,39.624,38.274,39.143,3739084.06,146109675.498,524547
2025-07-06,1751760000000,39.137,40.032,38.586,39.829,3982024.06,156496738.25999,531031
2025-07-07,1751846400000,39.829,40.161,38.194,38.546,4577650.0,179920576.60779,609976
2025-07-08,1751932800000,38.547,39.079,36.952,38.806,6051103.59,229824869.7107,769386
2025-07-09,1752019200000,38.803,41.049,38.731,40.673,5172539.44,205406274.44987,666769
2025-07-10,1752105600000,40.671,44.096,40.502,43.813,5949804.44,251013702.32337,774064
2025-07-11,1752192000000,43.818,46.939,43.383,46.383,6914263.56,314339948.69371,928716
2025-07-12,1752278400000,46.382,47.412,45.088,47.09,4831768.26,223674289.74569,741317
2025-07-13,1752364800000,47.09,49.307,46.938,48.95,3958818.71,190616203.2944,655861
2025-07-14,1752451200000,48.942,49.923,46.504,47.608,5564265.67,268823526.45626,797688
2025-07-15,1752537600000,47.607,48.396,46.649,47.867,5544850.61,263550144.06545,786656
2025-07-16,1752624000000,47.865,48.586,46.454,46.987,5145272.18,245529317.04133,718692
2025-07-17,1752710400000,46.989,47.382,44.45,45.59,7569714.1,350046171.45726,965218
2025-07-18,1752796800000,45.589,47.439,43.045,44.331,8317366.71,376200778.18049,1030758
2025-07-19,1752883200000,44.332,45.298,43.991,44.48,3456873.91,154469709.89511,556842
2025-07-20,1752969600000,44.478,47.405,44.187,45.997,4561511.48,209393059.47979,695884
2025-07-21,1753056000000,45.991,47.823,44.064,44.329,7075047.83,325318690.0,973503
2025-07-22,1753142400000,44.324,46.327,43.066,46.274,8859915.15,392838355.64222,1140318
2025-07-23,1753228800000,46.273,46.338,42.388,43.705,8127544.16,356355488.70913,987226
2025-07-24,1753315200000,43.705,44.394,41.463,42.075,6568711.22,280851777.74332,784826
2025-07-25,1753401600000,42.076,44.192,41.122,44.128,6254485.09,265344986.73114,796060
2025-07-26,1753488000000,44.128,44.906,43.327,43.363,2896862.22,128033680.03398,433467
2025-07-27,1753574400000,43.365,44.333,42.402,43.649,3693814.44,160017500.73265,516789
2025-07-28,1753660800000,43.655,46.095,42.63,43.742,9012464.12,401387084.47634,1277006
2025-07-29,1753747200000,43.741,45.29,42.448,43.485,10500434.66,458473221.31978,1355120
2025-07-30,1753833600000,43.485,43.729,40.69,42.221,6860552.23,291817523.9485,1012747
2025-07-31,1753920000000,42.225,44.721,40.64,40.826,7623677.47,326635061.67781,1009388
2025-08-01,1754006400000,40.824,41.635,36.323,37.613,13887673.99,540851060.93021,1686533
2025-08-02,1754092800000,37.615,38.729,35.493,36.896,7651094.83,285836440.5193,950222
2025-08-03,1754179200000,36.898,39.299,36.415,38.18,5953155.77,226615082.83011,782010
2025-08-04,1754265600000,38.18,39.462,37.248,38.804,7513609.92,287997703.27758,937495
2025-08-05,1754352000000,38.803,39.868,37.372,38.497,8261895.48,319828920.83529,1102750
2025-08-06,1754438400000,38.497,39.258,36.855,38.079,5733056.73,217371920.02978,745099
2025-08-07,1754524800000,38.077,40.983,37.577,40.897,5339771.28,209125722.28619,712086
2025-08-08,1754611200000,40.897,41.756,40.11,40.992,5286611.46,216373199.31398,727528
2025-08-09,1754697600000,40.992,44.741,40.546,43.666,6278742.61,270393763.90722,856449
2025-08-10,1754784000000,43.666,45.446,42.813,45.269,4541058.64,200568736.15767,714034
2025-08-11,1754870400000,45.27,46.799,42.578,43.167,6260046.24,280777155.61013,864095
2025-08-12,1754956800000,43.167,45.87,42.153,44.725,7406267.58,324954324.46939,957442
2025-08-13,1755043200000,44.726,48.021,43.002,47.631,10505672.48,480482263.1261,1358410
2025-08-14,1755129600000,47.628,48.88,43.627,45.442,13352853.53,611851958.2454,1568804
2025-08-15,1755216000000,45.441,49.564,45.309,47.795,13665308.05,650566692.73355,1632687
2025-08-16,1755302400000,47.795,48.278,46.139,46.296,4118055.16,193882828.88474,616814
2025-08-17,1755388800000,46.296,47.786,45.788,46.04,4180938.24,195636534.47534,574594
2025-08-18,1755475200000,46.041,46.172,42.94,43.321,8702381.82,382443146.42137,983177
2025-08-19,1755561600000,43.321,44.178,40.939,41.303,9861723.55,420287830.37973,1184073
2025-08-20,1755648000000,41.304,43.275,40.596,42.999,8083620.37,339667034.61596,1031060
2025-08-21,1755734400000,42.999,43.451,40.415,40.454,6250532.56,260463509.81666,769102
2025-08-22,1755820800000,40.452,45.532,40.451,45.335,8652690.46,372574016.09865,1043294
2025-08-23,1755907200000,45.335,45.355,43.296,44.91,4615174.35,203558525.20246,630098
2025-08-24,1755993600000,44.91,47.0,43.42,46.061,7025440.32,316877399.77059,884715
2025-08-25,1756080000000,46.061,47.406,42.542,42.976,12431671.5,560753919.9358,1459139
2025-08-26,1756166400000,42.979,49.782,42.357,48.794,11739153.94,546470509.91164,1471626
2025-08-27,1756252800000,48.796,51.254,46.855,47.04,15051141.91,744795183.65625,1734184
2025-08-28,1756339200000,47.039,49.05,45.562,45.608,10406687.29,493588089.31267,1209460
2025-08-29,1756425600000,45.609,46.146,43.318,44.432,10647014.38,476006351.70263,1127549
2025-08-30,1756512000000,44.434,44.921,43.266,44.066,3843280.06,169044169.3892,523940
2025-08-31,1756598400000,44.066,45.367,44.034,44.28,3227527.99,144173682.03969,469481
2025-09-01,1756684800000,44.284,45.48,42.504,43.126,5882363.58,259367162.59168,698754
2025-09-02,1756771200000,43.129,45.079,42.959,44.901,4988492.68,220538398.44281,650242
2025-09-03,1756857600000,44.902,46.518,44.266,45.883,4629644.67,210878764.76202,614701
2025-09-04,1756944000000,45.883,46.449,44.431,45.373,4327086.91,196656916.98273,549492
2025-09-05,1757030400000,45.372,47.78,45.079,47.271,7702818.2,359386476.13476,825491
2025-09-06,1757116800000,47.271,47.895,45.439,46.015,3696494.29,172759521.86238,434333
2025-09-07,1757203200000,46.015,47.72,46.0,47.113,3386348.31,159317849.2685,413309
2025-09-08,1757289600000,47.112,51.973,46.97,50.901,9908207.84,498919856.02046,1113185
2025-09-09,1757376000000,50.9,55.359,50.538,53.315,13086414.13,698904050.23499,1532070
2025-09-10,1757462400000,53.315,56.121,52.575,55.494,10033342.74,549120377.662,1290144
2025-09-11,1757548800000,55.489,57.2,53.03,57.054,9717582.2,533742770.08382,1184157
2025-09-12,1757635200000,57.055,57.499,54.738,55.255,7775251.39,436617494.81217,928393
2025-09-13,1757721600000,55.255,56.87,54.165,54.456,6670290.38,369402616.21825,776213
2025-09-14,1757808000000,54.457,55.324,53.53,53.688,6037887.51,328369342.15356,715283
2025-09-15,1757894400000,53.688,54.644,52.054,54.0,6446938.51,343549566.34227,803470
2025-09-16,1757980800000,54.0,54.615,52.281,54.456,6333337.25,339143926.4878,809710
2025-09-17,1758067200000,54.456,58.041,53.85,57.766,8392470.35,465539461.3977,960934
2025-09-18,1758153600000,57.767,59.63,57.312,58.681,7544559.26,440713739.17263,971815
2025-09-19,1758240000000,58.681,59.351,55.24,56.181,7215125.72,408783168.29849,867883
2025-09-20,1758326400000,56.181,56.666,53.85,54.25,5081681.02,281197915.41674,604592
2025-09-21,1758412800000,54.249,54.389,50.635,50.89,9294341.0,487170075.52233,888922
2025-09-22,1758499200000,50.89,51.337,45.99,47.278,15061516.27,735346078.31854,1703873
2025-09-23,1758585600000,47.278,48.946,44.364,44.671,13257944.77,619349026.18268,1538560
2025-09-24,1758672000000,44.672,46.818,43.274,45.646,14222801.65,640924586.94773,1755357
2025-09-25,1758758400000,45.656,46.019,39.72,40.414,21471605.7,907977743.28047,2225848
2025-09-26,1758844800000,40.413,45.678,40.381,44.827,15957766.53,688015584.69148,2039197
2025-09-27,1758931200000,44.825,46.601,43.067,45.75,10445768.26,467935531.71372,1279898
2025-09-28,1759017600000,45.751,47.33,42.912,47.171,9090557.33,410963948.67786,1174275
2025-09-29,1759104000000,47.177,48.124,44.964,46.19,10783905.27,503443489.53284,1419924
2025-09-30,1759190400000,46.19,47.054,43.506,45.22,12392814.84,556379065.50235,1602737
2025-10-01,1759276800000,45.221,48.106,44.575,47.233,9087535.83,423344237.41364,1269701
2025-10-02,1759363200000,47.228,51.089,46.993,50.811,10450713.67,515119904.89312,1483142
2025-10-03,1759449600000,50.812,50.878,48.387,49.431,10443415.08,519813615.42549,1488794
2025-10-04,1759536000000,49.431,49.59,47.666,49.121,6571499.58,319009155.9682,843855
2025-10-05,1759622400000,49.121,51.496,47.333,48.195,10277821.04,507137274.82196,1345719
2025-10-06,1759708800000,48.195,49.736,47.2,47.213,9068653.86,440616320.8577,1223549
2025-10-07,1759795200000,47.212,47.748,44.526,45.123,12036066.25,552253051.56647,1416605
2025-10-08,1759881600000,45.124,47.352,44.84,46.645,8439817.95,390110992.23604,1022280
2025-10-09,1759968000000,46.645,46.804,42.359,43.965,11079909.67,490329391.85459,1408470
2025-10-10,1760054400000,43.966,46.064,21.029,37.735,23086118.61,920599823.62403,2330762
2025-10-11,1760140800000,37.735,40.99,35.188,36.828,19662765.77,750538564.92184,2579463
2025-10-12,1760227200000,36.825,40.923,35.905,39.621,17133791.99,660339518.96888,2300730
2025-10-13,1760313600000,39.62,43.625,38.177,42.424,18733778.47,766957939.64519,2457830
2025-10-14,1760400000000,42.427,43.169,37.349,39.39,17627020.57,696953962.13323,2334391
2025-10-15,1760486400000,39.393,41.189,36.815,37.364,12084959.72,473162379.38877,1980904
2025-10-16,1760572800000,37.362,39.459,36.276,36.794,13276563.59,500315920.94605,2075574
2025-10-17,1760659200000,36.795,37.541,33.279,35.462,19534396.43,684530652.74382,2735447
2025-10-18,1760745600000,35.462,36.91,34.614,36.862,8138637.5,290595909.66416,1168436
2025-10-19,1760832000000,36.862,38.513,35.68,37.398,8683509.65,323607119.03547,1337213
2025-10-20,1760918400000,37.399,39.574,36.7,37.939,11166044.52,426946822.20784,1521333
2025-10-21,1761004800000,37.936,38.36,35.149,35.346,15693881.72,574941475.31593,1971693
2025-10-22,1761091200000,35.345,36.831,34.454,36.233,15476507.2,550226192.21347,1937430
2025-10-23,1761177600000,36.227,40.798,36.148,40.198,17485054.93,682007054.46725,2231998
2025-10-24,1761264000000,40.199,40.883,38.673,39.288,9091132.46,361516163.99483,1167850
2025-10-25,1761350400000,39.289,44.657,38.861,44.213,8434551.47,351621014.49289,1094665
2025-10-26,1761436800000,44.214,48.604,43.51,47.295,14043833.94,649831241.74587,1621034
2025-10-27,1761523200000,47.3,49.5,45.39,46.52,16881575.02,799445347.47126,1965988
2025-10-28,1761609600000,46.515,49.365,45.932,47.657,12487144.34,593669084.7737,1741772
2025-10-29,1761696000000,47.65,49.971,45.5,47.952,16419466.39,786023920.75894,2124197
2025-10-30,1761782400000,47.952,50.238,42.669,45.389,22763206.73,1053094789.10095,2861383
2025-10-31,1761868800000,45.389,46.25,42.356,43.685,13460717.3,594012912.37204,1993471
2025-11-01,1761955200000,43.684,44.523,42.643,43.262,7145661.81,311581709.71035,1260875
2025-11-02,1762041600000,43.263,43.465,41.092,42.443,9859660.59,416057901.06383,1444089
2025-11-03,1762128000000,42.443,42.73,38.253,40.187,17532798.91,709152610.57321,2391592
2025-11-04,1762214400000,40.186,40.829,35.408,39.012,26873202.74,1018430567.79962,3789226
2025-11-05,1762300800000,39.014,42.24,37.5,41.357,13500964.0,545964231.18117,2167126
2025-11-06,1762387200000,41.357,41.357,37.588,38.498,11698731.22,460400098.5842,1869983
2025-11-07,1762473600000,38.499,43.388,38.0,42.243,13779442.15,553982643.24045,2167000
2025-11-08,1762560000000,42.243,43.327,39.672,40.145,8045886.53,330099248.02445,1259955
2025-11-09,1762646400000,40.146,42.834,39.203,41.813,6487192.51,264274811.0315,1171553
2025-11-10,1762732800000,41.813,43.264,40.828,41.443,7450370.56,313573806.41526,1293963
2025-11-11,1762819200000,41.444,41.995,38.448,38.682,7665114.58,307812867.17039,1351329
2025-11-12,1762905600000,38.683,40.859,37.45,38.356,10988682.77,428501732.85603,1574832
2025-11-13,1762992000000,38.356,39.846,36.6,38.527,11382663.98,435792209.97815,1631648
2025-11-14,1763078400000,38.529,38.598,36.0,37.492,15010437.46,560716427.87787,2014156
2025-11-15,1763164800000,37.493,39.56,37.31,38.567,5195503.04,201112608.55996,867765
2025-11-16,1763251200000,38.569,40.502,37.45,38.699,9026204.07,349238721.00223,1270001
2025-11-17,1763337600000,38.698,39.341,37.101,39.335,10075734.63,385192875.17168,1442770
2025-11-18,1763424000000,39.335,41.709,38.238,38.653,16091732.8,640329423.19147,2236061
2025-11-19,1763510400000,38.653,39.107,37.12,38.842,9572215.75,364462799.07666,1440978
2025-11-20,1763596800000,38.841,39.8,37.346,37.541,9644665.98,371662602.24857,1464154
2025-11-21,1763683200000,37.542,38.547,31.66,33.85,30651059.8,1044529122.0951,4079703
2025-11-22,1763769600000,33.851,34.524,29.35,29.977,16519924.74,524019885.55273,2188052
2025-11-23,1763856000000,29.977,32.642,29.614,31.863,15317052.57,478333183.44271,2185781
2025-11-24,1763942400000,31.863,34.66,30.407,33.728,17776949.85,571875245.35061,2351081
2025-11-25,1764028800000,33.728,34.496,31.789,33.717,15776204.27,518823269.68764,2205352
2025-11-26,1764115200000,33.717,36.359,33.01,36.222,11443357.5,395004514.03607,1650302
2025-11-27,1764201600000,36.22,36.537,34.455,34.723,7368169.92,260227043.42827,1099129
2025-11-28,1764288000000,34.723,36.809,33.769,34.924,11032129.96,387951888.07609,1555209
2025-11-29,1764374400000,34.923,36.449,34.001,34.329,11270791.25,395638943.61308,1534230
2025-11-30,1764460800000,34.33,34.549,31.827,31.934,8846948.99,295556365.70893,1083127
2025-12-01,1764547200000,31.934,32.067,29.135,31.01,17441174.92,532268506.30063,2275482
2025-12-02,1764633600000,31.01,34.406,30.349,33.848,15699363.52,507049693.45863,2148822
2025-12-03,1764720000000,33.845,35.385,33.349,34.65,10433008.97,357347077.33701,1524623
2025-12-04,1764806400000,34.651,36.189,33.061,33.519,9244861.07,319716553.99752,1289478
2025-12-05,1764892800000,33.519,33.89,30.454,30.965,12252270.55,389828740.68618,1477838
2025-12-06,1764979200000,30.965,31.473,30.567,30.946,5202214.63,161103721.28332,705711
2025-12-07,1765065600000,30.946,31.237,28.115,29.719,15048076.45,442372381.42237,1758347
2025-12-08,1765152000000,29.718,30.951,28.638,29.484,13328629.87,398324442.63887,1658729
2025-12-09,1765238400000,29.483,29.527,27.431,27.896,18545102.9,525308083.05116,2031312
2025-12-10,1765324800000,27.897,29.985,27.61,28.817,15444977.54,448820998.38052,1967584
2025-12-11,1765411200000,28.817,29.221,26.862,29.128,14902714.68,417931743.107,2009238
2025-12-12,1765497600000,29.128,30.284,28.304,28.588,15097721.1,442155255.57857,1872452
2025-12-13,1765584000000,28.589,29.724,27.897,29.576,8148446.48,233471341.48399,1005754
2025-12-14,1765670400000,29.575,29.896,28.234,28.806,9200978.24,268101266.33257,1201153
2025-12-15,1765756800000,28.806,29.564,27.095,27.583,12990782.74,365976222.98846,1675220
2025-12-16,1765843200000,27.584,27.648,26.034,26.79,13436885.94,360646964.80369,1699650
2025-12-17,1765929600000,26.792,28.36,24.187,24.473,21698969.09,571687922.41423,2240489
2025-12-18,1766016000000,24.472,25.288,22.4,22.458,20794151.8,498756033.82484,2399162
2025-12-19,1766102400000,22.459,25.126,22.185,24.862,15803911.25,377300123.96945,2045312
2025-12-20,1766188800000,24.861,25.55,23.8,23.992,7850159.89,194055124.89188,1001878
2025-12-21,1766275200000,23.992,24.841,23.552,24.825,8103845.34,195543076.376,1111302
2025-12-22,1766361600000,24.824,25.698,24.383,24.871,9640201.3,240109339.37807,1267589
2025-12-23,1766448000000,24.872,25.0,23.635,23.956,7541871.12,182910941.12825,1003090
2025-12-24,1766534400000,23.956,25.244,23.612,25.156,6191152.93,149812052.2297,942417
2025-12-25,1766620800000,25.156,25.229,24.17,24.384,5236020.87,129696762.68314,613256
2025-12-26,1766707200000,24.383,25.89,24.347,25.774,6427478.3,161300272.78427,775457
2025-12-27,1766793600000,25.773,26.45,25.383,25.961,5429653.96,140606411.4359,627949
2025-12-28,1766880000000,25.961,26.37,24.766,25.342,6225631.74,158799462.25323,662375
2025-12-29,1766966400000,25.343,26.434,25.246,25.791,9172466.33,237575193.16671,1142036
2025-12-30,1767052800000,25.79,26.698,25.35,25.965,7817906.58,202419658.87521,973093
2025-12-31,1767139200000,25.966,26.242,25.281,25.452,5148597.37,132827737.71218,657000
2026-01-01,1767225600000,25.452,26.105,23.72,24.243,10280342.7,254026399.51447,1078358
2026-01-02,1767312000000,24.244,25.041,24.063,24.598,10650178.55,261196963.61088,1317640
2026-01-03,1767398400000,24.598,25.444,24.262,25.376,8185617.42,202716928.26028,957544
2026-01-04,1767484800000,25.377,26.9,24.827,26.862,9000632.26,232103303.92885,1166054
2026-01-05,1767571200000,26.865,27.48,25.761,26.5,14640959.77,388415871.2166,1791941
2026-01-06,1767657600000,26.501,28.4,26.081,28.236,15097788.49,407748877.66371,1637393
2026-01-07,1767744000000,28.237,28.387,26.461,26.864,11652251.8,315741457.13345,1414559
2026-01-08,1767830400000,26.864,27.09,25.582,25.672,8044307.77,210746542.12869,1076810
2026-01-09,1767916800000,25.673,26.202,24.918,25.071,8087508.54,206453195.44888,1034230
2026-01-10,1768003200000,25.072,25.084,23.751,24.037,6944164.02,169277856.28601,716770
2026-01-11,1768089600000,24.038,24.666,23.988,24.432,4141683.02,101125353.78813,539988
2026-01-12,1768176000000,24.432,25.41,23.108,23.75,12983413.29,312324387.4046,1356871
2026-01-13,1768262400000,23.75,25.842,23.729,25.749,10762186.31,265169659.18929,1113219
2026-01-14,1768348800000,25.75,26.884,25.603,25.965,10337863.02,269999983.08164,1211742
2026-01-15,1768435200000,25.966,26.095,24.338,24.722,10492355.25,262918805.68732,1152387
2026-01-16,1768521600000,24.722,25.233,24.475,24.994,4829224.2,120129733.26689,640947
2026-01-17,1768608000000,24.995,25.835,24.746,25.419,3385077.58,85722426.02467,430985
2026-01-18,1768694400000,25.418,26.128,24.346,24.456,6282436.74,160078344.52197,665957
2026-01-19,1768780800000,24.455,24.573,22.651,23.714,11439264.5,272979963.25075,1036044
2026-01-20,1768867200000,23.713,23.857,20.811,20.982,17828634.89,395834091.94725,1583786
2026-01-21,1768953600000,20.983,22.108,20.475,21.528,16715244.03,354436125.4106,1511466
2026-01-22,1769040000000,21.529,22.226,21.101,21.44,9349415.06,202176161.5772,917097
2026-01-23,1769126400000,21.44,23.103,20.829,22.634,11841514.22,260740604.54832,1228972
2026-01-24,1769212800000,22.634,23.746,22.561,23.204,8454085.06,196078980.13749,883648
2026-01-25,1769299200000,23.203,23.418,21.622,22.193,9256502.3,207324662.17575,843244
2026-01-26,1769385600000,22.193,25.338,21.812,24.931,13576606.6,316345629.8109,1302285
2026-01-27,1769472000000,24.93,30.99,24.894,30.8,37063621.92,1034409613.22356,3521338
2026-01-28,1769558400000,30.8,34.849,30.71,34.428,48339713.43,1608838792.24758,5198451
2026-01-29,1769644800000,34.428,34.566,30.377,30.79,37802949.6,1236052288.27946,3889607
2026-01-30,1769731200000,30.791,32.898,28.139,30.623,38048902.75,1138132387.36692,4096509
2026-01-31,1769817600000,30.623,32.15,27.417,31.012,31848519.53,944761558.87085,3223337
2026-02-01,1769904000000,31.011,32.59,28.455,30.573,30312979.53,925050034.17101,3310722
2026-02-02,1769990400000,30.573,33.958,29.492,33.282,35938224.4,1140265598.78167,3951816
2026-02-03,1770076800000,33.281,38.483,32.245,32.695,54127616.57,1903908817.82444,6071315
2026-02-04,1770163200000,32.695,36.267,32.375,35.48,32056695.35,1088798193.10575,3989287
2026-02-05,1770249600000,35.481,35.513,31.056,33.087,38186432.16,1261857079.57477,5148449
2026-02-06,1770336000000,33.088,36.826,31.373,32.377,39175419.96,1324458640.27381,4903000
2026-02-07,1770422400000,32.376,33.858,31.003,31.401,19670076.65,636873277.95548,2654288
2026-02-08,1770508800000,31.401,33.031,30.48,32.441,14442056.71,458161124.61214,1979227
2026-02-09,1770595200000,32.441,33.52,30.902,31.329,12954938.13,414855694.82773,1867886
2026-02-10,1770681600000,31.328,31.557,28.751,28.842,12836441.96,385298877.76384,1683826
2026-02-11,1770768000000,28.843,30.199,28.273,29.38,12496614.21,363615202.80927,1676708
2026-02-12,1770854400000,29.38,31.824,29.281,31.09,14980100.57,456955821.41593,1877659
2026-02-13,1770940800000,31.089,32.344,29.953,31.563,12039110.46,374503888.70453,1680437
2026-02-14,1771027200000,31.564,32.295,30.703,31.835,8439875.4,266264088.6983,1182973
2026-02-15,1771113600000,31.832,32.005,30.235,30.699,8196083.89,255052983.05454,1276285
2026-02-16,1771200000000,30.698,31.274,29.528,31.246,8963585.43,270378149.88473,1313467
2026-02-17,1771286400000,31.247,31.415,29.011,29.502,8464399.4,253729684.0489,1332506
2026-02-18,1771372800000,29.503,29.779,28.21,28.672,8856003.35,257095728.16311,1224433
2026-02-19,1771459200000,28.675,29.41,27.69,29.0,7593666.68,216584768.39182,1180675
2026-02-20,1771545600000,28.999,30.43,28.608,30.364,9312349.29,274674994.43707,1378001
2026-02-21,1771632000000,30.364,30.58,29.524,29.73,4455111.01,134028432.07386,708715
2026-02-22,1771718400000,29.731,29.951,28.68,29.015,3837982.18,112532678.91781,569637
2026-02-23,1771804800000,29.016,29.048,25.613,26.368,15885660.96,430379716.89331,1894843
2026-02-24,1771891200000,26.369,27.421,25.621,27.08,10147693.33,269409876.45029,1410345
2026-02-25,1771977600000,27.08,29.057,26.739,27.884,11402704.7,317908716.98943,1579784
2026-02-26,1772064000000,27.883,29.414,27.719,28.108,10357995.42,295104759.08699,1530855
2026-02-27,1772150400000,28.107,29.947,26.729,27.279,11145312.36,315979067.68541,1495032
2026-02-28,1772236800000,27.28,31.4,26.075,31.204,15657960.5,444238986.01904,2034128
2026-03-01,1772323200000,31.204,32.327,30.161,31.53,16601872.53,517249081.43739,2137312
2026-03-02,1772409600000,31.53,33.69,29.916,32.809,19889105.66,632832369.72491,2607944
2026-03-03,1772496000000,32.808,33.545,30.8,31.288,14710445.6,472072227.51294,2135489
2026-03-04,1772582400000,31.289,33.207,30.712,32.145,13301948.05,427605633.49647,1953455
2026-03-05,1772668800000,32.145,32.29,30.231,30.535,9378866.65,294114455.11273,1320570
2026-03-06,1772755200000,30.536,31.318,29.435,31.019,9500137.74,288938627.15409,1351341
2026-03-07,1772841600000,31.018,31.1,29.783,30.288,6455114.3,197232342.64843,831303
2026-03-08,1772928000000,30.288,31.278,29.667,30.685,7216909.58,219297176.09185,960769
2026-03-09,1773014400000,30.685,35.364,30.237,34.661,21050803.75,691372312.21976,2587666
2026-03-10,1773100800000,34.66,35.2,33.435,34.151,14144427.9,486304734.18457,1924442
2026-03-11,1773187200000,34.151,37.0,34.054,36.206,12739798.73,453946743.55416,1846394
2026-03-12,1773273600000,36.205,38.046,35.774,37.248,13052220.26,483600288.90939,1885836
2026-03-13,1773360000000,37.248,38.534,35.967,36.43,11180397.54,415300570.15879,1606907
2026-03-14,1773446400000,36.428,38.846,36.336,37.793,8838430.44,332164615.70542,1186649
2026-03-15,1773532800000,37.793,38.272,36.774,37.242,6392039.19,239283365.18284,971892
2026-03-16,1773619200000,37.242,41.444,37.203,40.784,13254201.68,519228426.00346,1865702
2026-03-17,1773705600000,40.783,42.149,39.599,41.146,10602431.09,432712427.40368,1543440
2026-03-18,1773792000000,41.147,43.753,40.136,42.079,21121938.81,885521729.80411,2495704
2026-03-19,1773878400000,42.079,42.221,38.589,39.329,14798355.23,590509505.52928,2149397
2026-03-20,1773964800000,39.328,40.755,38.343,39.528,12270292.8,484353259.98625,1817102
2026-03-21,1774051200000,39.528,40.447,38.91,39.135,4567518.06,181565983.21569,744979
2026-03-22,1774137600000,39.134,39.509,37.409,38.342,8838626.71,339077983.75936,1252646
2026-03-23,1774224000000,38.342,39.587,36.752,37.341,14872372.75,565130633.67222,1900564
2026-03-24,1774310400000,37.342,40.485,37.219,40.321,10943245.11,424832850.38635,1515416
2026-03-25,1774396800000,40.32,41.58,39.66,40.308,8227325.92,333247635.83526,1094593
2026-03-26,1774483200000,40.307,40.36,38.271,39.149,8434008.27,329978816.60924,1078865
2026-03-27,1774569600000,39.149,39.43,37.881,38.658,7797241.55,300577667.87027,993104
2026-03-28,1774656000000,38.659,40.29,37.97,39.462,5978796.43,235564163.27267,780017
2026-03-29,1774742400000,39.462,40.056,37.726,37.838,5696522.39,222301283.24451,807488
2026-03-30,1774828800000,37.839,38.799,36.491,36.839,10464220.28,395734851.02396,1298828
2026-03-31,1774915200000,36.84,37.649,35.662,36.599,10663851.04,389941897.61158,1262946
2026-04-01,1775001600000,36.599,37.813,35.851,36.025,9844140.97,362242281.72663,1242422
2026-04-02,1775088000000,36.025,36.295,34.444,35.188,9567004.85,335802727.74542,1085163
2026-04-03,1775174400000,35.188,36.144,35.081,35.602,5171115.94,184600642.02391,643699
2026-04-04,1775260800000,35.602,36.56,35.5,36.361,3393469.56,121944637.46994,469977
2026-04-05,1775347200000,36.361,37.0,35.116,36.844,4894026.4,175614845.6555,614569
2026-04-06,1775433600000,36.846,37.77,35.991,36.289,7289265.19,269996864.25723,978850
2026-04-07,1775520000000,36.288,39.171,35.743,38.601,9174434.54,340726979.14226,1080658
2026-04-08,1775606400000,38.6,39.794,37.74,38.738,11202374.61,435010454.36977,1328628
2026-04-09,1775692800000,38.738,40.415,38.135,39.452,8112044.72,318561176.47538,1047991
2026-04-10,1775779200000,39.452,42.247,39.412,41.577,8620940.46,354295164.8603,1006213
2026-04-11,1775865600000,41.576,43.179,41.457,42.242,5642748.65,238467677.3007,699350
2026-04-12,1775952000000,42.241,42.81,40.172,40.823,7201448.93,295200285.03068,842205
2026-04-13,1776038400000,40.823,44.568,40.772,44.276,12230914.56,522398687.67424,1324465
2026-04-14,1776124800000,44.278,45.273,42.91,43.499,11047647.21,487882296.88722,1366127
2026-04-15,1776211200000,43.499,45.438,43.108,44.619,8593465.93,379826420.70845,1081828
2026-04-16,1776297600000,44.618,45.75,43.277,43.787,9940523.53,442428527.75628,1307079
2026-04-17,1776384000000,43.787,45.55,43.138,44.608,9316516.41,411652851.10752,1177959
2026-04-18,1776470400000,44.608,45.428,43.7,43.77,5262289.15,234223665.9863,760865
2026-04-19,1776556800000,43.767,43.928,40.512,40.703,8556025.86,363593625.28039,999777
2026-04-20,1776643200000,40.703,41.788,40.541,40.688,9330525.76,383681549.10798,1024938
2026-04-21,1776729600000,40.688,41.4,38.867,39.754,9964491.17,400660635.64498,1102667
2026-04-22,1776816000000,39.754,41.72,39.615,41.131,9675959.49,394483651.05824,1104900
2026-04-23,1776902400000,41.131,41.9,40.5,41.289,6077577.8,249894429.05562,843020
2026-04-24,1776988800000,41.289,41.496,40.642,41.146,4168690.63,171098182.93431,536415
2026-04-25,1777075200000,41.146,41.887,40.825,41.474,3357982.97,138879110.80919,431347
2026-04-26,1777161600000,41.476,42.591,40.931,42.428,3616774.64,150539525.79001,471288
2026-04-27,1777248000000,42.429,43.6,41.222,41.63,7621430.99,322353197.93194,879929
2026-04-28,1777334400000,41.633,41.822,39.443,40.164,8873805.85,356886326.37526,924909
2026-04-29,1777420800000,40.163,40.901,39.146,39.933,8272251.24,331163006.02411,919500
2026-04-30,1777507200000,39.933,40.348,38.706,39.699,6885953.63,270788056.05489,826764
2026-05-01,1777593600000,39.699,41.179,39.668,41.15,7034434.73,285396670.53256,846995
2026-05-02,1777680000000,41.15,42.456,40.994,41.254,4764615.62,198231179.01399,600379
2026-05-03,1777766400000,41.254,41.716,40.656,41.54,3795047.54,156031279.79214,497313
2026-05-04,1777852800000,41.54,42.605,40.877,41.805,8377357.56,348952416.66229,900208
2026-05-05,1777939200000,41.805,44.62,41.77,43.69,8529784.66,370878250.68898,968692
2026-05-06,1778025600000,43.69,44.82,42.913,43.103,8101339.25,354784500.08605,912331
2026-05-07,1778112000000,43.103,43.54,41.852,42.52,6773175.32,288795846.82551,809990
2026-05-08,1778198400000,42.521,43.476,42.0,43.235,5613959.8,239772460.48146,679710
2026-05-09,1778284800000,43.236,44.347,42.82,42.91,5382271.13,234239928.92881,708716
2026-05-10,1778371200000,42.91,43.696,42.131,42.996,5951280.21,255349011.28059,699451
2026-05-11,1778457600000,42.997,43.143,40.821,41.995,6963339.4,291360673.27423,891176
2026-05-12,1778544000000,41.995,42.077,39.772,40.243,6338796.1,258161036.02551,730393
2026-05-13,1778630400000,40.243,40.699,38.688,38.821,7588518.55,299820374.39803,811095
2026-05-14,1778716800000,38.822,44.768,38.155,44.125,20469583.82,857879028.4041,2066084
2026-05-15,1778803200000,44.125,46.993,42.62,44.168,34665549.55,1553941754.14003,3408585
2026-05-16,1778889600000,44.168,44.5,40.317,41.811,15279372.78,637363399.32021,1814805
2026-05-17,1778976000000,41.811,47.275,41.336,45.7,22337877.91,990039279.00676,2522482
2026-05-18,1779062400000,45.701,47.948,44.18,47.74,25638965.35,1175035013.94836,3046986
