date,close,logp,bde,csw_excess,sadf,qadf,cadf,smt,hmm_state,hmm_bull_flag,bde_retro_flag,csw_retro_flag,sadf_retro_flag,smt_retro_flag,family_count_retro,consensus_retro,bde_online_flag,csw_online_flag,sadf_online_flag,smt_online_flag,family_count_online,consensus_online
2025-05-30,32.816,3.490916201330025,,,,,,,-1,0,0,0,0,0,0,0,0,0,0,0,0,0
2025-05-31,32.671,3.4864878342660472,,,,,,,-1,0,0,0,0,0,0,0,0,0,0,0,0,0
2025-06-01,34.152,3.530821149455661,,-0.7375503761828086,,,,,-1,0,0,0,0,0,0,0,0,0,0,0,0,0
2025-06-02,36.474,3.5965996779946403,,-0.6032195415743276,,,,,-1,0,0,0,0,0,0,0,0,0,0,0,0,0
2025-06-03,36.092,3.586071234132254,,-0.952358190627528,,,,,-1,0,0,0,0,0,0,0,0,0,0,0,0,0
2025-06-04,35.632,3.5732441105150117,,-1.2515917392743379,,,,,-1,0,0,0,0,0,0,0,0,0,0,0,0,0
2025-06-05,34.024,3.5270661579513325,,-0.9334361249118948,,,,,-1,0,0,0,0,0,0,0,0,0,0,0,0,0
2025-06-06,33.333,3.5065478972699813,,-0.9955757045188038,,,,,-1,0,0,0,0,0,0,0,0,0,0,0,0,0
2025-06-07,34.921,3.553088367445681,,-0.9067959045298388,,,,,-1,0,0,0,0,0,0,0,0,0,0,0,0,0
2025-06-08,34.984,3.5548908141106197,,-1.3363902491725632,,,,,-1,0,0,0,0,0,0,0,0,0,0,0,0,0
2025-06-09,38.848,3.659656595437033,,0.07448506954847689,,,,,-1,0,0,1,0,0,1,0,0,1,0,0,1,0
2025-06-10,42.241,3.7433913133602,,0.28205258843524605,,,,,-1,0,0,1,0,0,1,0,0,1,0,0,1,0
2025-06-11,41.828,3.7335659717363425,,-0.30284844638155706,,,,,-1,0,0,0,0,0,0,0,0,0,0,0,0,0
2025-06-12,40.516,3.701696957824551,,-0.8809480933814409,,,,,-1,0,0,0,0,0,0,0,0,0,0,0,0,0
2025-06-13,42.297,3.7447161615513336,,-0.683218389360631,,,,,-1,0,0,0,0,0,0,0,0,0,0,0,0,0
2025-06-14,40.13,3.6921241842788253,,-1.0564083149483081,,,,,-1,0,0,0,0,0,0,0,0,0,0,0,0,0
2025-06-15,41.193,3.7182683390077242,,-1.1132905831549098,,,,,-1,0,0,0,0,0,0,0,0,0,0,0,0,0
2025-06-16,41.918,3.735715328950968,,-1.0527794652018143,,,,,-1,0,0,0,0,0,0,0,0,0,0,0,0,0
2025-06-17,39.968,3.6880791339431673,,-1.1118344104672209,,,,,-1,0,0,0,0,0,0,0,0,0,0,0,0,0
2025-06-18,39.48,3.675794214565281,,-1.3586133661245081,,,,,-1,0,0,0,0,0,0,0,0,0,0,0,0,0
2025-06-19,36.876,3.607560932936348,,-0.6747392989220964,,,,,-1,0,0,0,0,0,0,0,0,0,0,0,0,0
2025-06-20,33.387,3.5081666026593976,,0.05940818295533434,,,,,-1,0,0,1,0,0,1,0,0,1,0,0,1,0
2025-06-21,34.421,3.5386668432376016,,-0.7115149680167683,,,,,-1,0,0,0,0,0,0,0,0,0,0,0,0,0
2025-06-22,35.754,3.5766621509928966,,-1.2044631776251482,,,,,-1,0,0,0,0,0,0,0,0,0,0,0,0,0
2025-06-23,38.175,3.6421808511046962,,-0.8303906782039392,,,,,-1,0,0,0,0,0,0,0,0,0,0,0,0,0
2025-06-24,37.512,3.6246608817872854,,-1.2571570087245267,,,,,-1,0,0,0,0,0,0,0,0,0,0,0,0,0
2025-06-25,37.016,3.6113502516046982,,-1.53224454419888,,,,,-1,0,0,0,0,0,0,0,0,0,0,0,0,0
2025-06-26,35.803,3.578031688778406,,-1.4451023823638924,,,,,-1,0,0,0,0,0,0,0,0,0,0,0,0,0
2025-06-27,36.622,3.600649152719522,,-1.6631079483643587,,,,,-1,0,0,0,0,0,0,0,0,0,0,0,0,0
2025-06-28,37.798,3.632256191172846,,-1.465230747426924,,,,,-1,0,0,0,0,0,0,0,0,0,0,0,0,0
2025-06-29,39.775,3.6832385742238505,,-1.0493263069590129,,,,,-1,0,0,0,0,0,0,0,0,0,0,0,0,0
2025-06-30,39.55,3.677565694213663,,-1.3629461428792569,,,,,-1,0,0,0,0,0,0,0,0,0,0,0,0,0
2025-07-01,36.909,3.6084554237461415,,-0.6686820751907674,,,,,-1,0,0,0,0,0,0,0,0,0,0,0,0,0
2025-07-02,39.877,3.6857997165870136,,-0.5344617071146343,,,,,-1,0,0,0,0,0,0,0,0,0,0,0,0,0
2025-07-03,40.254,3.6952093778088058,,-1.0050489467469321,,,,,-1,0,0,0,0,0,0,0,0,0,0,0,0,0
2025-07-04,38.962,3.6625868121590126,,-1.450520333231919,,,,,-1,0,0,0,0,0,0,0,0,0,0,0,0,0
2025-07-05,39.143,3.6672216069611334,,-1.8126071535392425,,,,,-1,0,0,0,0,0,0,0,0,0,0,0,0,0
2025-07-06,39.829,3.6845952901748844,,-1.7483771636694208,,,,,-1,0,0,0,0,0,0,0,0,0,0,0,0,0
2025-07-07,38.546,3.6518523332768598,-0.008008588917407217,-1.4251765632586837,,,,,-1,0,0,0,0,0,0,0,0,0,0,0,0,0
2025-07-08,38.806,3.658574873849081,0.042388784294941716,-1.891160446828765,,,,,-1,0,0,0,0,0,0,0,0,0,0,0,0,0
2025-07-09,40.673,3.7055644816442075,0.39383287550165824,-1.1001068064293371,,,,,-1,0,0,0,0,0,0,0,0,0,0,0,0,0
2025-07-10,43.813,3.7799305769978777,1.0737547342802447,-0.4320488544927952,,,,,-1,0,0,0,0,0,0,0,0,0,0,0,0,0
2025-07-11,46.383,3.8369330127885672,1.8258412967805464,-0.15908282058545575,,,,,-1,0,0,0,0,0,0,0,0,0,0,0,0,0
2025-07-12,47.09,3.8520606642554633,2.382366786069677,-0.3313678777268989,,,,,-1,0,0,0,0,0,0,0,0,0,0,0,0,0
2025-07-13,48.95,3.8907993689765195,2.9079591260273907,-0.21373981638793849,,,,,-1,0,0,0,0,0,0,0,0,0,0,0,0,0
2025-07-14,47.608,3.8630008143425507,3.156876470944725,-0.6845820550834247,,,,,-1,0,0,0,0,0,0,0,0,0,0,0,0,0
2025-07-15,47.867,3.868426331710068,3.3413510052514126,-0.7872666365925587,,,,,-1,0,0,0,0,0,0,0,0,0,0,0,0,0
2025-07-16,46.987,3.8498709677057197,3.405830782623709,-1.0606391643768438,,,,,-1,0,0,0,0,0,0,0,0,0,0,0,0,0
2025-07-17,45.59,3.8196883942253503,3.347547971722642,-1.3903197608817601,,,,,-1,0,0,0,0,0,0,0,0,0,0,0,0,0
2025-07-18,44.331,3.791684206589607,3.1980699900583636,-1.3627082269251494,,,,,-1,0,0,0,0,0,0,0,0,0,0,0,0,0
2025-07-19,44.48,3.7950396499423267,3.0613700513755173,-1.595951500773304,,,,,-1,0,0,0,0,0,0,0,0,0,0,0,0,0
2025-07-20,45.997,3.828576176971044,3.0188421741492113,-1.3694304135114028,,,,,-1,0,0,0,0,0,0,0,0,0,0,0,0,0
2025-07-21,44.329,3.7916390904154507,2.86241634728844,-1.288580865503251,,,,,-1,0,0,0,0,0,0,0,0,0,0,0,0,0
2025-07-22,46.274,3.8345802482854903,2.8253461185916593,-1.1493228665714765,,,,,-1,0,0,0,0,0,0,0,0,0,0,0,0,0
2025-07-23,43.705,3.7774625120324514,2.622324592877678,-0.8298275381264191,,,,,-1,0,0,0,0,0,0,0,0,0,0,0,0,0
2025-07-24,42.075,3.7394537400768697,2.3280769979636537,-0.7488454040319033,,,,,-1,0,0,0,0,0,0,0,0,0,0,0,0,0
2025-07-25,44.128,3.7870945016108912,2.1808459281178445,-1.0476930773661606,,,,,-1,0,0,0,0,0,0,0,0,0,0,0,0,0
2025-07-26,43.363,3.76960654292988,1.9920461056796317,-1.693026186121232,,,,,-1,0,0,0,0,0,0,0,0,0,0,0,0,0
2025-07-27,43.649,3.776180372515739,1.8286501407533957,-1.8345746854698002,,,,,-1,0,0,0,0,0,0,0,0,0,0,0,0,0
2025-07-28,43.742,3.7783087389403605,1.676404529908068,-1.8360218973061542,,,,,-1,0,0,0,0,0,0,0,0,0,0,0,0,0
2025-07-29,43.485,3.7724160510417284,1.514402658219536,-1.8678919874856255,,,,,-1,0,0,0,0,0,0,0,0,0,0,0,0,0
2025-07-30,42.221,3.742917727596808,1.2869211644580183,-1.439985728610562,-2.1043539888805496,-2.1043539888805496,-2.1043539888805496,1.1186716537038013,-1,0,0,0,0,0,0,0,0,0,0,0,0,0
2025-07-31,40.826,3.7093191333513924,0.9958176437966074,-1.2316400903308458,-2.16635009912661,-2.171614443346176,-2.16635009912661,1.0763134295540044,-1,0,0,0,0,0,0,0,0,0,0,0,0,0
2025-08-01,37.613,3.627349735320781,0.5460945534464623,-0.22378587482969947,-2.050884157353503,-2.061830847442496,-2.050884157353503,0.9727090028742242,-1,0,0,0,0,0,0,0,0,0,0,0,0,0
2025-08-02,36.896,3.6081031440866487,0.13103167661115586,-0.50923692553861,-1.7262290864131369,-1.768752868566494,-1.7262290864131369,0.8998887164563963,-1,0,0,0,0,0,0,0,0,0,0,0,0,0
2025-08-03,38.18,3.6423118182976015,-0.15027715788909535,-1.1160412926298318,-1.8173242810154768,-1.8253114356559013,-1.8173242810154768,0.8670506298404291,-1,0,0,0,0,0,0,0,0,0,0,0,0,0
2025-08-04,38.804,3.658523334099037,-0.36655636077678383,-1.4215574687605437,-1.8528691385628693,-1.8630347344929257,-1.8528691385628693,0.8434993574543824,-1,0,0,0,0,0,0,0,0,0,0,0,0,0
2025-08-05,38.497,3.6505803161797337,-0.5725064186656535,-1.4545262899238474,-1.8542491263411238,-1.8662917754981423,-1.8542491263411238,0.8182744616282724,-1,0,0,0,0,0,0,0,0,0,0,0,0,0
2025-08-06,38.079,3.63966294907415,-0.773524447942264,-1.4514692193201228,-1.8475793809212937,-1.861336015476547,-1.8475793809212937,0.7904206376302001,-1,0,0,0,0,0,0,0,0,0,0,0,0,0
2025-08-07,40.897,3.711056710725288,-0.8354117724723706,-0.4454444350849216,-1.9401942375039096,-1.9571404517034907,-1.9401942375039096,0.7874439312190639,-1,0,0,0,0,0,0,0,0,0,0,0,0,0
2025-08-08,40.992,3.7133769257143237,-0.8891629512333854,-1.0511049457256025,-1.9544370182195943,-1.9738470580055376,-1.9544370182195943,0.7851039519994214,-1,0,0,0,0,0,0,0,0,0,0,0,0,0
2025-08-09,43.666,3.776569767240925,-0.837928518766437,-0.5092949016381731,-1.8547954175272938,-1.8759321811324465,-1.8547954175272938,0.7954179170190645,-1,0,0,0,0,0,0,0,0,0,0,0,0,0
2025-08-10,45.269,3.812622471519769,-0.7346332093951853,-0.388322205362031,-1.6511134917673014,-1.713271464361397,-1.6511134917673014,0.8095125361643899,-1,0,0,0,0,0,0,0,0,0,0,0,0,0
2025-08-11,43.167,3.76507631444939,-0.7178093848671786,-1.0152496010905145,-1.788271292625572,-1.8028450426914329,-1.788271292625572,0.8172992248018366,-1,0,0,0,0,0,0,0,0,0,0,0,0,0
2025-08-12,44.725,3.800532629394783,-0.6472937725308199,-0.9649445287412617,-1.6885231159889729,-1.707476249117109,-1.6885231159889729,0.8297002704788573,-1,0,0,0,0,0,0,0,0,0,0,0,0,0
2025-08-13,47.631,3.8634838097634843,-0.4833782012085878,-0.5613730068782117,-1.4422456298477135,-1.455979965601568,-1.4422456298477135,0.8448153121133117,-1,0,0,0,0,0,0,0,0,0,0,0,0,0
2025-08-14,45.442,3.8164367875288114,-0.41041588964756975,-1.0357921484093229,-1.620176406607557,-1.6520351493961176,-1.620176406607557,0.857922910498587,-1,0,0,0,0,0,0,0,0,0,0,0,0,0
2025-08-15,47.795,3.866921031515726,-0.26528898315107186,-0.826348927273951,-1.3994498781681812,-1.422809264032711,-1.3994498781681812,0.8725514723077601,-1,0,0,0,0,0,0,0,0,0,0,0,0,0
2025-08-16,46.296,3.8350555642715376,-0.18489608635591856,-1.1706433956551772,-1.5344273651709541,-1.5452811339578618,-1.5344273651709541,0.8862320325973303,-1,0,0,0,0,0,0,0,0,0,0,0,0,0
2025-08-17,46.04,3.829510583853682,-0.12209026098551282,-1.287447413125482,-1.5405105817946823,-1.554181708255428,-1.5405105817946823,0.8993057183948339,-1,0,0,0,0,0,0,0,0,0,0,0,0,0
2025-08-18,43.321,3.7686375058922117,-0.16280524769065097,-0.7103948756566987,-1.7340677233518826,-1.7405315954488771,-1.7340677233518826,0.9045444851820833,-1,0,0,0,0,0,0,0,0,0,0,0,0,0
2025-08-19,41.303,3.720935136554068,-0.27849324796406477,-0.49456510025035905,-1.798107494886294,-1.8039425185840146,-1.8010250067351543,0.8988274928587069,-1,0,0,0,0,0,0,0,0,0,0,0,0,0
2025-08-20,42.999,3.7611768596091886,-0.3242905327098355,-1.1974746616630343,-1.8053424446527526,-1.8124854617812727,-1.8088058070182411,0.9024769014187358,-1,0,0,0,0,0,0,0,0,0,0,0,0,0
2025-08-21,40.454,3.700165526130904,-0.4641636116735115,-0.717666674250089,-1.8603458321641533,-1.8664116949110716,-1.8631078150653901,0.8908475588360999,-1,0,0,0,0,0,0,0,0,0,0,0,0,0
2025-08-22,45.335,3.8140793610980195,-0.4194265150419925,0.4279838627133037,-1.8662856849502227,-1.8741111591451547,-1.8698462636641116,0.9018451523228808,-1,0,0,1,0,0,1,0,0,1,0,0,1,0
2025-08-23,44.91,3.8046604870996465,-0.3944225487290805,-0.6224463487580107,-1.89854412732462,-1.9066280805580544,-1.9024020749165944,0.9116484592690413,-1,0,0,0,0,0,0,0,0,0,0,0,0,0
2025-08-24,46.061,3.829966604968847,-0.33448683221979436,-0.6783884999647702,-1.8389724123082916,-1.8470064287377959,-1.8427752338746823,0.9234727474408894,-1,0,0,0,0,0,0,0,0,0,0,0,0,0
2025-08-25,42.976,3.760641820340827,-0.38763098528834405,-0.5774680441030693,-2.0291295559097433,-2.0354055638356665,-2.031976261053839,0.9259294564840849,-1,0,0,0,0,0,0,0,0,0,0,0,0,0
2025-08-26,48.794,3.8876073544803575,-0.24426744820404922,0.614422210909277,-1.8072739764357484,-1.8147175969628284,-1.8101812025232857,0.9381310422101571,-1,0,0,1,0,0,1,0,0,1,0,0,1,0
2025-08-27,47.04,3.8509983035903717,-0.1694591768519687,-0.9093339226970882,-1.9548223551891195,-1.9603284911788283,-1.95602063725023,0.9503403982605352,-1,0,0,0,0,0,0,0,0,0,0,0,0,0
2025-08-28,45.608,3.8200831397292805,-0.14923428286799112,-1.257742733647562,-2.0542022540221625,-2.058780029023869,-2.054223102063646,0.9604088610746983,-1,0,0,0,0,0,0,0,0,0,0,0,0,0
2025-08-29,44.432,3.793959930564444,-0.17287292441935717,-1.2017742059596035,-2.1200401813032292,-2.12684449658048,-2.1209214513988663,0.9671896920010525,-1,0,0,0,0,0,0,0,0,0,0,0,0,0
2025-08-30,44.066,3.785688510041997,-0.2102947959728607,-1.3235092111211415,-2.1438075903665177,-2.152657525834253,-2.1453422842748324,0.9725442880964172,-1,0,0,0,0,0,0,0,0,0,0,0,0,0
2025-08-31,44.28,3.790533107840436,-0.24047024777352413,-1.529896600969904,-2.1475929751239056,-2.1586120189661355,-2.149733352771914,0.9784987322355023,-1,0,0,0,0,0,0,0,0,0,0,0,0,0
2025-09-01,43.126,3.764126063488474,-0.31173504993445766,-1.4072177432251707,-2.1954369975226,-2.2079317052654206,-2.198073707890243,0.9796259938566129,-1,0,0,0,0,0,0,0,0,0,0,0,0,0
2025-09-02,44.901,3.80446006621512,-0.3190856265399298,-1.246941025660431,-2.1643974378480055,-2.179210573703084,-2.1674518092923507,0.9872475820292584,-1,0,0,0,0,0,0,0,0,0,0,0,0,0
2025-09-03,45.883,3.8260946780920837,-0.2952819230415844,-1.3213765042450585,-2.1257568625512984,-2.1434147643961654,-2.1295616211817014,0.9969603467869563,-1,0,0,0,0,0,0,0,0,0,0,0,0,0
2025-09-04,45.373,3.814917214478603,-0.2924132801412173,-1.7286112669771565,-2.157415349535616,-2.176521763637446,-2.162104785448257,1.0054237731021796,-1,0,0,0,0,0,0,0,0,0,0,0,0,0
2025-09-05,47.271,3.855896999648018,-0.22913646533251214,-1.2237169597572095,-2.060012845015688,-2.0794644645338556,-2.06543884228172,1.0164987610907998,-1,0,0,0,0,0,0,0,0,0,0,0,0,0
2025-09-06,46.015,3.8289674302908203,-0.21342397649637596,-1.537557226241688,-2.1426266845044615,-2.163677038313784,-2.1491059219002624,1.0259020101848288,-1,0,0,0,0,0,0,0,0,0,0,0,0,0
2025-09-07,47.113,3.8525489714316046,-0.16472423606431066,-1.6111307978691372,-2.0819568214605457,-2.103335165651158,-2.0892823905521656,1.0365822397063822,-1,0,0,0,0,0,0,0,0,0,0,0,0,0
2025-09-08,50.901,3.929882569728912,-0.0017258342651289005,-0.41236622408085344,-1.800159324787142,-1.8200318578419663,-1.81203160418959,1.0443690132848749,-1,0,0,0,0,0,0,0,0,0,0,0,0,0
2025-09-09,53.315,3.976217717470143,0.2185043618130235,-0.34247571047321523,-1.5319051904647698,-1.5514736131326043,-1.5441050309697666,1.0460006090039737,-1,0,0,0,0,0,0,0,0,0,0,0,0,0
2025-09-10,55.494,4.016274906800178,0.4780659229321007,-0.2684101367282552,-1.257357255105632,-1.2803141793064583,-1.270010556551737,1.046007870289081,-1,0,0,0,0,0,0,0,0,0,0,0,0,0
2025-09-11,57.054,4.043998187785363,0.7506018253078085,-0.2947247326263107,-1.0455095879212772,-1.0630512458071684,-1.0546384363937202,1.0726283028351307,-1,0,0,0,0,0,0,0,0,0,0,0,0,0
2025-09-12,55.255,4.011958834040746,0.9497900972659512,-0.8448822133481106,-1.243858202754574,-1.2731154642261824,-1.2589795792790708,1.1009532133494855,-1,0,0,0,0,0,0,0,0,0,0,0,0,0
2025-09-13,54.456,3.9973930361456502,1.1109227441294167,-1.1180285181187644,-1.3122716168954134,-1.3438215068986776,-1.328685492238508,1.1290508314954102,-1,0,0,0,0,0,0,0,0,0,0,0,0,0
2025-09-14,53.688,3.983189512855938,1.238978765095247,-1.2961337769537544,-1.3745899091807319,-1.4078641899459332,-1.3921845295723319,1.1563424424829498,-1,0,0,0,0,0,0,0,0,0,0,0,0,0
2025-09-15,54.0,3.9889840465642745,1.3630693680825987,-1.3187161282912436,-1.309163834783472,-1.3558534726976135,-1.333394536219507,1.183578244513516,-1,0,0,0,0,0,0,0,0,0,0,0,0,0
2025-09-16,54.456,3.9973930361456502,1.486732919699932,-1.3223457903435436,-1.1937470555637253,-1.2855187600302909,-1.2401772209395394,1.2108699934625096,-1,0,0,0,0,0,0,0,0,0,0,0,0,0
2025-09-17,57.766,4.056400367305956,1.674238546788426,-0.7968631834719277,-0.8146009109535883,-0.8908711977515174,-0.8385408920282567,1.2376162131937545,-1,0,0,0,0,0,0,0,0,0,0,0,0,0
2025-09-18,58.681,4.072115994711034,1.8631801518548037,-1.013326518464059,-0.6970944971157939,-0.7305933468904156,-0.7035915579456669,1.2933348618209213,-1,0,0,0,0,0,0,0,0,0,0,0,0,0
2025-09-19,56.181,4.028578621446481,1.9810238259141026,-1.1463022457374301,-0.973834219290904,-1.0070335925806044,-0.9909296024203469,1.3139059564679203,-1,0,0,0,0,0,0,0,0,0,0,0,0,0
2025-09-20,54.25,3.993602992420569,2.0459054632288893,-1.0254764300267447,-1.1476206898129637,-1.1885896564898843,-1.1629193748637434,1.3162151380826392,-1,0,0,0,0,0,0,0,0,0,0,0,0,0
2025-09-21,50.89,3.9296664406007413,2.0270091733676106,-0.5075895900345013,-1.3771169437031838,-1.4384718333087787,-1.4030662976459958,1.3315410450536072,-1,0,0,0,0,0,0,0,0,0,0,0,0,0
2025-09-22,47.278,3.856045071018689,1.916801262829695,0.002927036091551649,-1.5438216657398558,-1.591086518441674,-1.5595666441801443,1.3262702837530174,-1,0,0,1,0,0,1,0,0,1,0,0,1,0
2025-09-23,44.671,3.7993245215025313,1.7410727862654836,0.26652310986318817,-1.5801519630986218,-1.6267608720935338,-1.5960217350471906,1.2996433956038602,-1,0,0,1,0,0,1,0,0,1,0,0,1,0
2025-09-24,45.646,3.8209159799816854,1.5986594957144897,-0.20185212726084023,-1.5549679172533342,-1.6389729384303813,-1.5894045025825625,1.2828318945866692,-1,0,0,0,0,0,0,0,0,0,0,0,0,0
2025-09-25,40.414,3.6991762595913045,1.320931385105676,0.5528949161764274,-1.4585299721507836,-1.520135340397575,-1.479166080193244,1.2130048660298804,-1,0,0,1,0,0,1,0,0,1,0,0,1,0
2025-09-26,44.827,3.8028106364545735,1.1809866933975353,0.10315065342114504,-1.703636605516188,-1.7609481129575024,-1.7142206247696545,1.193504604040559,-1,0,0,1,0,0,1,0,0,1,0,0,1,0
2025-09-27,45.75,3.82319179172153,1.0684591353334598,-0.39216150080579815,-1.7131040769860375,-1.7444716086731098,-1.7259388190457479,1.181540710887268,-1,0,0,0,0,0,0,0,0,0,0,0,0,0
2025-09-28,47.171,3.8537792969866556,0.9918779480379147,-0.4400453919931393,-1.7220885180436765,-1.7480581408696014,-1.7331804286028365,1.1787930886690507,-1,0,0,0,0,0,0,0,0,0,0,0,0,0
2025-09-29,46.19,3.832763324442514,0.8940243502412532,-0.9849084414542142,-1.7465805191069188,-1.7738428959382366,-1.7580878600438554,1.1700375276234456,-1,0,0,0,0,0,0,0,0,0,0,0,0,0
2025-09-30,45.22,3.811539466849824,0.7762514017646068,-1.010236335403048,-1.7603788856656386,-1.788969701695095,-1.7723181470027736,1.1550434996832248,-1,0,0,0,0,0,0,0,0,0,0,0,0,0
2025-10-01,47.233,3.8550928008406027,0.7080465668805739,-1.130203857650816,-1.7805980872448535,-1.8061237663153449,-1.7909731177394255,1.1529077974309827,-1,0,0,0,0,0,0,0,0,0,0,0,0,0
2025-10-02,50.811,3.928112866577094,0.7167706085634363,-0.5015729757456531,-1.7174772985252236,-1.7359696660379678,-1.7244161758836865,1.1660987100623639,-1,0,0,0,0,0,0,0,0,0,0,0,0,0
2025-10-03,49.431,3.900577757743404,0.6938545521501218,-1.026362871787335,-1.7855999639532028,-1.8061457409705017,-1.7932328525227104,1.1737815551317257,-1,0,0,0,0,0,0,0,0,0,0,0,0,0
2025-10-04,49.121,3.8942866419378483,0.6628676166828847,-1.1785169369891473,-1.8072733346624756,-1.827676727278184,-1.8145562241413036,1.179817103447563,-1,0,0,0,0,0,0,0,0,0,0,0,0,0
2025-10-05,48.195,3.8752552812359315,0.6108054168232734,-1.4001958919922004,-1.8455181172089064,-1.8671407770994408,-1.8530818163564202,1.1812485054838706,-1,0,0,0,0,0,0,0,0,0,0,0,0,0
2025-10-06,47.213,3.854669278398171,0.537069861617815,-1.6038716157201247,-1.8773254994817712,-1.9003634346132081,-1.8852670871580888,1.177332350626698,-1,0,0,0,0,0,0,0,0,0,0,0,0,0
2025-10-07,45.123,3.809392094341186,0.41710588974394003,-1.1438784841499294,-1.9021199949941916,-1.9284293593175001,-1.9113878123243204,1.160423361158543,-1,0,0,0,0,0,0,0,0,0,0,0,0,0
2025-10-08,46.645,3.8425657404129243,0.3358252523682949,-1.410138120092805,-1.9275374520613353,-1.952079624540115,-1.9356751074521887,1.153667663577709,-1,0,0,0,0,0,0,0,0,0,0,0,0,0
2025-10-09,43.965,3.7833938628309656,0.19535731569231207,-0.8379575353594437,-1.9334494827749056,-1.9618733412722367,-1.9432910028930597,1.129499043844376,-1,0,0,0,0,0,0,0,0,0,0,0,0,0
2025-10-10,37.735,3.6305880457368316,-0.09343757426609918,1.1053886736141068,-1.597664770859162,-1.6694309345360543,-1.6384727703858522,1.0483032083092232,-1,0,0,1,0,0,1,0,0,1,0,0,1,0
2025-10-11,36.828,3.6062584254255996,-0.3742087978692787,0.522668110094691,-1.39548883011254,-1.5185475295804087,-1.4591078532742892,0.9959037751897895,-1,0,0,1,0,0,1,0,0,1,0,0,1,0
2025-10-12,39.621,3.679359280729777,-0.5605571818932128,-0.5938517978029241,-1.757703936282265,-1.831154171385665,-1.7968819408845802,0.9709520667763696,-1,0,0,0,0,0,0,0,0,0,0,0,0,0
2025-10-13,42.424,3.7477142398348287,-0.675731131634416,-0.18711963450402092,-1.9383792614413056,-2.0175308866075956,-1.9892391530169131,0.9608007302417697,-1,0,0,0,0,0,0,0,0,0,0,0,0,0
2025-10-14,39.39,3.6735119769828146,-0.8472344573000351,-0.5851099606293053,-1.6998653758329614,-1.8533025728013492,-1.7574412415923433,0.9508930229965271,-1,0,0,0,0,0,0,0,0,0,0,0,0,0
2025-10-15,37.364,3.6207076740106023,-1.0495515225688121,-0.41461775664492784,-1.4071166821135672,-1.565047479798382,-1.463222271343846,1.0072591598036393,-1,0,0,0,0,0,0,0,0,0,0,0,0,0
2025-10-16,36.794,3.6053347884035913,-1.2468965098587077,-0.6552225419839934,-1.2849047830278126,-1.415676529136504,-1.3235955215121962,1.063022422018202,-1,0,0,0,0,0,0,0,0,0,0,0,0,0
2025-10-17,35.462,3.568461700634797,-1.455001233172922,-0.5556501881290552,-1.062287315378121,-1.1438658699000372,-1.0867939433005271,1.1349168816237543,-1,0,0,0,0,0,0,0,0,0,1,0,1,0
2025-10-18,36.862,3.607181210129431,-1.6168794208482289,-1.0204027788664305,-1.2577163185903302,-1.3153040775144527,-1.2804224810498153,1.2302087684634708,-1,0,0,0,0,0,0,0,0,0,0,0,0,0
2025-10-19,37.398,3.6216172270547684,-1.7567848041026242,-1.1197512449193738,-1.3123015153363649,-1.3683006975672418,-1.3342712567327937,1.24866164750608,-1,0,0,0,0,0,0,0,0,0,0,0,0,0
2025-10-20,37.939,3.6359796067530743,-1.8775294420021573,-1.200947172059532,-1.335157519003536,-1.404830359529153,-1.3689069533524296,1.2477696312978095,-1,0,0,0,0,0,0,0,0,0,0,0,0,0
2025-10-21,35.346,3.565185231767605,-2.0367277988318486,-0.646280190362359,-1.0391267675224427,-1.114123053551984,-1.0780223255332373,1.2851789283289508,-1,0,0,0,0,0,0,0,0,0,1,0,1,0
2025-10-22,36.233,3.5899703057847225,-2.1678460307226217,-1.0960720394751187,-0.9823394317734258,-1.20290785356317,-1.1394568039079407,1.3123334476543722,-1,0,0,0,0,0,0,0,0,0,1,1,2,1
2025-10-23,40.198,3.69381724314356,-2.2259231759093763,0.030311709776872142,-1.3978261237335088,-1.5858875927451341,-1.5012705362703749,1.2843607365514358,-1,0,0,1,0,0,1,0,0,1,0,0,1,0
2025-10-24,39.288,3.6709191287369434,-2.2949256802175397,-1.0986520358298768,-1.3276456338291645,-1.5262270341538895,-1.4083524551157216,1.2697878386120158,-1,0,0,0,0,0,0,0,0,0,0,0,0,0
2025-10-25,44.213,3.789018863486595,-2.288532009788859,0.29327710897207204,-1.593907449079634,-1.7560120538270945,-1.6359403879590566,1.1721101117755337,-1,0,0,1,0,0,1,0,0,1,0,0,1,0
2025-10-26,47.295,3.856404581665134,-2.2411861029207008,0.3984708568932196,-1.5484384484527605,-1.7030793129420887,-1.6202947278330613,1.0425526035790327,-1,0,0,1,0,0,1,0,0,1,0,0,1,0
2025-10-27,46.52,3.839882327650464,-2.2053635130095075,-0.18502534998472608,-1.520338874355799,-1.6726206915941697,-1.6109839918576512,0.9502833345364299,-1,0,0,0,0,0,0,0,0,0,0,0,0,0
2025-10-28,47.657,3.8640295238228672,-2.155881310705958,-0.2130950920569714,-1.4949453357047844,-1.6604103487660318,-1.577580592363017,0.8610447404326886,-1,0,0,0,0,0,0,0,0,0,0,0,0,0
2025-10-29,47.952,3.8702005105743074,-2.1041974477199106,-0.34580724971063237,-1.4926216444590366,-1.6580518323233646,-1.55106964218623,0.7853252090763793,-1,0,0,0,0,0,0,0,0,0,0,0,0,0
2025-10-30,45.389,3.815269784941258,-2.087788205293099,-0.8783269604350477,-1.5340062921971447,-1.6726676397666327,-1.5649822369518627,0.7435309581696892,-1,0,0,0,0,0,0,0,0,0,0,0,0,0
2025-10-31,43.685,3.777004793750058,-2.0952524270636332,-0.9323622297895808,-1.5198607301731386,-1.6076924950461207,-1.5451145228941634,0.7195443789380246,-1,0,0,0,0,0,0,0,0,0,0,0,0,0
2025-11-01,43.262,3.76727465154131,-2.1082088571102418,-1.149466016896226,-1.5227350338418373,-1.5720657245720548,-1.5380258442898496,0.7029313775336681,-1,0,0,0,0,0,0,0,0,0,0,0,0,0
2025-11-02,42.443,3.7481619992776616,-2.132195751262872,-1.1723170804733487,-1.4716182302604686,-1.5421124521932545,-1.513107074184299,0.740904900029649,-1,0,0,0,0,0,0,0,0,0,0,0,0,0
2025-11-03,40.187,3.693543560240813,-2.1885157341231123,-0.8434867143818519,-1.3772589687553185,-1.455323721695732,-1.4189918119514313,0.7978086750249901,-1,0,0,0,0,0,0,0,0,0,0,0,0,0
2025-11-04,39.012,3.6638692911097688,-2.2601555029357887,-0.7672223094868187,-1.2994490315310117,-1.3789876460314843,-1.3348432449476566,0.854712376527741,-1,0,0,0,0,0,0,0,0,0,0,0,0,0
2025-11-05,41.357,3.722241693720337,-2.2927386700735646,-0.9263233295942987,-1.4463710066868765,-1.5219991360136575,-1.4723869292990066,0.903810466006918,-1,0,0,0,0,0,0,0,0,0,0,0,0,0
2025-11-06,38.498,3.650606291892444,-2.36693195139783,-0.6552194935008446,-1.2908028228261115,-1.3816864322270572,-1.3206839043519651,0.9534218737401204,-1,0,0,0,0,0,0,0,0,0,0,0,0,0
2025-11-07,42.243,3.7434386596032843,-2.3816270168857034,-0.23060034645480365,-1.5208632750551632,-1.581930155304118,-1.5499656469629175,0.988756440649345,-1,0,0,0,0,0,0,0,0,0,0,0,0,0
2025-11-08,40.145,3.6924978996366473,-2.4258669254965217,-1.0947207131468628,-1.4630299296079843,-1.5200484275690602,-1.4894633693960282,1.0300724041130358,-1,0,0,0,0,0,0,0,0,0,0,0,0,0
2025-11-09,41.813,3.7332072959634366,-2.443587226854617,-1.3048569526854594,-1.5463636556393843,-1.6053836338505079,-1.5733142622557696,1.0220638279191512,-1,0,0,0,0,0,0,0,0,0,0,0,0,0
2025-11-10,41.443,3.724318989153315,-2.465523029815055,-1.684031005724472,-1.5456013621886495,-1.6043810330132702,-1.5716491807144053,1.0176813407964849,-1,0,0,0,0,0,0,0,0,0,0,0,0,0
2025-11-11,38.682,3.655374375556538,-2.52723550365681,-0.7225619170499464,-1.438137241333175,-1.4945292947537703,-1.4623153920225402,1.0356660774507354,-1,0,0,0,0,0,0,0,0,0,0,0,0,0
2025-11-12,38.356,3.6469109692914348,-2.590716110423448,-1.1682758989206643,-1.4204708314955075,-1.4754467639113291,-1.4439937249918076,1.054935091177427,-1,0,0,0,0,0,0,0,0,0,0,0,0,0
2025-11-13,38.527,3.6513592942000135,-2.648215144061093,-1.5131039913469362,-1.4359816971490342,-1.4903477422788924,-1.459234240570484,1.07202480504044,-1,0,0,0,0,0,0,0,0,0,0,0,0,0
2025-11-14,37.492,3.624127576884239,-2.7185419150646997,-1.405075387437698,-1.3687163044276471,-1.4198940227646548,-1.390745244467217,1.0950629615854048,-1,0,0,0,0,0,0,0,0,0,0,0,0,0
2025-11-15,38.567,3.652396988536521,-2.768672526429789,-1.5558277288545637,-1.451147506743462,-1.5032191823453316,-1.4736313222892485,1.1097426146841651,-1,0,0,0,0,0,0,0,0,0,0,0,0,0
2025-11-16,38.699,3.655813759908601,-2.8141225574319058,-1.6810446460287551,-1.4643974311278836,-1.515617205868127,-1.486636374842749,1.122552191849576,-1,0,0,0,0,0,0,0,0,0,0,0,0,0
2025-11-17,39.335,3.6721147077812057,-2.8477418342175183,-1.7947382585736076,-1.506836396681824,-1.5581600730834038,-1.5292127534725015,1.1294322375760824,-1,0,0,0,0,0,0,0,0,0,0,0,0,0
2025-11-18,38.653,3.6546243916848287,-2.889402481144941,-1.7436852407883294,-1.4770203874990164,-1.526166926815619,-1.4986489525657916,1.1411592901429533,-1,0,0,0,0,0,0,0,0,0,0,0,0,0
2025-11-19,38.842,3.6595021354032595,-2.925948969517607,-1.7965007513145248,-1.4936842058089579,-1.5419035496666351,-1.5151431281777372,1.1506316125163647,-1,0,0,0,0,0,0,0,0,0,0,0,0,0
2025-11-20,37.541,3.6254336690561013,-2.979706591502151,-1.4262232120018914,-1.4212873935788959,-1.466437946317571,-1.4414915785407318,1.168949175079543,-1,0,0,0,0,0,0,0,1,0,0,0,1,0
2025-11-21,33.85,3.521938999358284,-3.0888335165228322,0.014938117389802219,-1.1168181481274753,-1.1534316559499123,-1.1333048082737276,1.202290742277412,-1,0,0,1,0,0,1,0,1,1,0,0,2,1
2025-11-22,29.977,3.4004304209563037,-3.2582383297184716,0.9693454855887258,-0.593387940486966,-0.6181766915406683,-0.6036960523803078,1.2289653638217835,-1,0,0,1,0,0,1,0,1,1,1,0,3,1
2025-11-23,31.863,3.461445462007512,-3.3810358519709482,-0.41463305671811135,-0.9302443337419317,-0.9575807523311635,-0.9421129399244027,1.2622326950467995,-1,0,0,0,0,0,0,0,1,0,1,0,2,1
2025-11-24,33.728,3.518328352918897,-3.46578206430127,-0.5917473287315076,-1.1754395363204633,-1.2051461658832092,-1.1886070317260689,1.2930242330805413,-1,0,0,0,0,0,0,0,1,0,0,0,1,0
2025-11-25,33.717,3.51800216120424,-3.545455151981069,-0.9917931588190159,-1.1741928480463193,-1.2034126077034613,-1.186049983433733,1.3231623906245407,-1,0,0,0,0,0,0,0,1,0,0,1,2,1
2025-11-26,36.222,3.589666669042344,-3.5839873145707686,-0.507955740790992,-1.4086036047301946,-1.4416384321555844,-1.4224075893996488,1.339594894677619,-1,0,0,0,0,0,0,0,1,0,0,1,2,1
2025-11-27,34.723,3.5474022915893606,-3.641273482057496,-1.1441736400998952,-1.3052099130454116,-1.3341959881543892,-1.3190674080252012,1.3642848212459646,-1,0,0,0,0,0,0,0,1,0,0,1,2,1
2025-11-28,34.924,3.5531742719485613,-3.6921544880881405,-1.246122269815613,-1.3240718232070643,-1.3511541017073176,-1.336936234497686,1.3870884097837306,-1,0,0,0,0,0,0,0,1,0,0,1,2,1
2025-11-29,34.329,3.5359904780036873,-3.748376097948938,-1.5025374368741078,-1.2776094417790944,-1.300558006870827,-1.288450174593453,1.4122085034240044,-1,0,0,0,0,0,0,0,1,0,0,1,2,1
2025-11-30,31.934,3.4636712729175096,-3.836712186232585,-0.6592299905917791,-1.051762888988761,-1.069639557567455,-1.058115783204545,1.4436138093629656,-1,0,0,0,0,0,0,0,1,0,0,1,2,1
2025-12-01,31.01,3.4343097331123578,-3.933610094956866,-0.8212353923566931,-0.9333047556663596,-0.9503872745672048,-0.9419494257429009,1.4748024482457813,-1,0,0,0,0,0,0,0,1,0,1,1,3,1
2025-12-02,33.848,3.5218799134177665,-3.9823340513099965,-0.353639684367685,-1.2747757715898111,-1.2964688731271075,-1.2834294686894379,1.499039675955094,-1,0,0,0,0,0,0,0,1,0,0,1,2,1
2025-12-03,34.65,3.5452977256359124,-4.016772916370034,-0.6921641993607743,-1.3415657784356525,-1.3647970185591494,-1.3512026882879724,1.517708831304994,-1,0,0,0,0,0,0,0,1,0,0,1,2,1
2025-12-04,33.519,3.5121124422333105,-4.064362454721462,-1.4636270758285455,-1.2539867634723758,-1.277354308067821,-1.265316870939958,1.5422115404851933,-1,0,0,0,0,0,0,0,1,0,0,1,2,1
2025-12-05,30.965,3.432857534390024,-4.145934339538848,-0.5250782120678978,-1.0084619977241815,-1.0323676011810832,-1.0220853079295453,1.5727492849287017,-1,0,0,0,0,0,0,0,1,0,0,1,2,1
2025-12-06,30.946,3.4322437500674807,-4.2224812177814925,-1.049735283717035,-1.0045277226426257,-1.0299775619388967,-1.019623115187201,1.6031330962832822,-1,0,0,0,0,0,0,0,1,0,0,1,2,1
2025-12-07,29.719,3.3917865719079683,-4.312505648780467,-0.8726519029468154,-0.8517786395061514,-0.8803616582548656,-0.8680929387471226,1.6323916570890684,-1,0,0,0,0,0,0,0,1,0,1,1,3,1
2025-12-08,29.484,3.3838477433270424,-4.400055505431977,-1.0074357925063773,-0.8202890122695701,-0.8521903138240885,-0.8378423238080462,1.6614724708120607,-1,0,0,0,0,0,0,0,1,0,1,1,3,1
2025-12-09,27.896,3.32848330937335,-4.506178232376656,-0.709793001692886,-0.5964638683728655,-0.6343279326982555,-0.6146272200201427,1.6903920404127883,-1,0,0,0,0,0,0,0,1,0,1,1,3,1
2025-12-10,28.817,3.3609654907742765,-4.590709185787103,-1.125152006490794,-0.7463237855154918,-0.7849551397806356,-0.7658151265548119,1.7271942372036566,-1,0,0,0,0,0,0,0,1,0,1,1,3,1
2025-12-11,29.128,3.3716999108731325,-4.664916135611919,-1.318677047757879,-0.7925912214583705,-0.8333264590088524,-0.8131768432513394,1.7636832624446026,-1,0,0,0,0,0,0,0,1,0,1,1,3,1
2025-12-12,28.588,3.3529870493577323,-4.741957830007412,-1.2822350241847116,-0.7246709587036458,-0.769322816120161,-0.7460967074708148,1.8004760295859155,-1,0,0,0,0,0,0,0,1,0,1,1,3,1
2025-12-13,29.576,3.3869632216343306,-4.799656170438163,-1.4086255908350902,-0.8593320978045377,-0.9043065597742198,-0.8818893164014039,1.834852371058766,-1,0,0,0,0,0,0,0,1,0,0,1,2,1
2025-12-14,28.806,3.3605836987768583,-4.864169712970853,-1.345450864183443,-0.7707452332563672,-0.819386549584299,-0.7940060867541124,1.870935182686587,-1,0,0,0,0,0,0,0,1,0,1,1,3,1
2025-12-15,27.583,3.3171996409238984,-4.9418411647145435,-1.2338151409659461,-0.6155807338009293,-0.6611415900703227,-0.6363399155543685,1.9076553885525007,-1,0,0,0,0,0,0,0,1,0,1,1,3,1
2025-12-16,26.79,3.2880286835565173,-5.0258009537978765,-1.164853034180846,-0.4980504308686324,-0.547313655755227,-0.516576757534109,1.9433348946167612,-1,0,0,0,0,0,0,0,1,0,1,1,3,1
2025-12-17,24.473,3.1975704690408646,-5.139484033652941,-0.2772456831275598,-0.03540425479990896,-0.15533724357944578,-0.10532128721984024,1.9654674541106851,-1,0,0,0,1,0,1,0,1,0,1,1,3,1
2025-12-18,22.458,3.111646898150347,-5.2775070313868975,0.26060975127067865,0.45694667345069095,0.30892754249216287,0.39005809416125464,1.9652014587612898,-1,0,0,1,1,0,2,1,1,1,1,1,4,1
2025-12-19,24.862,3.2133405333695237,-5.36625816502776,-0.07343632049299487,-0.30678595545878773,-0.34372360623858667,-0.32558260542652945,1.9973275422657888,-1,0,0,0,0,0,0,0,1,0,1,1,3,1
2025-12-20,23.992,3.177720441446708,-5.461511270721782,-0.9084360582965048,-0.15415295259165018,-0.2047377338599882,-0.17488619194103772,2.0256508611143134,-1,0,0,0,1,0,1,0,1,0,1,1,3,1
2025-12-21,24.825,3.211851209931236,-5.5375185521929176,-1.0811118956238241,-0.3211511758755249,-0.3767499606154986,-0.3610442762656603,2.067157331313495,-1,0,0,0,0,0,0,0,1,0,1,1,3,1
2025-12-22,24.871,3.2137024660942033,-5.607341945954525,-1.1021853133080173,-0.3485559704719846,-0.3988946434342244,-0.37973077182571313,2.439822289048186,-1,0,0,0,0,0,0,0,1,0,1,1,3,1
2025-12-23,23.956,3.176218814402216,-5.685037837374621,-1.016659168850794,-0.20597022223347564,-0.26234565763021434,-0.23983921476999498,2.9083455877777826,-1,0,0,0,0,0,0,0,1,0,1,1,3,1
2025-12-24,25.156,3.2250964366812567,-5.740353680024617,-1.1433777874577216,-0.4487720800917002,-0.49139041036690206,-0.4708917158925097,3.171881088857549,-1,0,0,0,0,1,1,0,1,0,1,1,3,1
2025-12-25,24.384,3.193927179504236,-5.801978154956077,-1.1021362159943455,-0.34384566529181976,-0.388034002974007,-0.3681087736709343,3.5950010279327227,-1,0,0,0,0,1,1,0,1,0,1,1,3,1
2025-12-26,25.774,3.2493662318661993,-5.84050223280551,-1.008132107069365,-0.5744632500833179,-0.6103835826490775,-0.593101618380006,3.60999256283938,-1,0,0,0,0,1,1,0,1,0,0,1,2,1
2025-12-27,25.961,3.2565954118952147,-5.873334212342803,-1.3041380765133241,-0.606094916377653,-0.644018262976735,-0.6259456166510966,3.595846251936399,-1,0,0,0,0,1,1,0,1,0,0,1,2,1
2025-12-28,25.342,3.2324630983767166,-5.9110798600072165,-1.2536872623325719,-0.5398742065234002,-0.5772097922521653,-0.5598075337743376,3.616657601594574,-1,0,0,0,0,1,1,0,1,0,0,1,2,1
2025-12-29,25.791,3.250025593860417,-5.939812835315403,-1.3133852694651178,-0.6049372876907252,-0.6453988536670427,-0.6265864766511411,3.5947455899985092,-1,0,0,0,0,1,1,0,1,0,0,1,2,1
2025-12-30,25.965,3.256749477296282,-5.963511007614827,-1.3433224504729155,-0.6334247443439852,-0.6721941569049499,-0.6561032490569455,3.5510007754512576,-1,0,0,0,0,1,1,0,1,0,0,1,2,1
2025-12-31,25.452,3.236794325370546,-5.991033972653252,-1.303689412918044,-0.5828894350470959,-0.6212861282416051,-0.6054820708128725,3.5389020335358596,-1,0,0,0,0,1,1,0,1,0,0,1,2,1
2026-01-01,24.243,3.18812791591942,-6.031418166993769,-1.1366149527799898,-0.44345651190478835,-0.4798357130501323,-0.4643990369501543,3.587652139970509,-1,0,0,0,0,1,1,0,1,0,0,1,2,1
2026-01-02,24.598,3.2026651388202185,-6.063730743532966,-1.2433660638037967,-0.5022923523684646,-0.544018775586939,-0.524635094138505,3.6086276317365362,-1,0,0,0,0,1,1,0,1,0,0,1,2,1
2026-01-03,25.376,3.2338038454524374,-6.083117125306566,-1.3364045505272204,-0.6089659628789943,-0.6557719685742937,-0.6322411817693194,3.590616039963187,-1,0,0,0,0,1,1,0,1,0,0,1,2,1
2026-01-04,26.862,3.2907126484868834,-6.082024478900425,-0.9628889365818496,-0.7763744213569053,-0.8213027415465086,-0.8002647714667465,3.4654328025199033,-1,0,0,0,0,1,1,0,1,0,0,0,1,0
2026-01-05,26.5,3.2771447329921766,-6.083489802060385,-1.4634977591899188,-0.7498133767044065,-0.792577311048155,-0.7738318741656027,3.3780725621177172,-1,0,0,0,0,1,1,0,1,0,0,0,1,0
2026-01-06,28.236,3.340597759533226,-6.063122521418691,-0.826430557388238,-0.9085112517086908,-0.9513043314218135,-0.9339107104165119,3.163623744037358,-1,0,0,0,0,1,1,0,1,0,0,0,1,0
2026-01-07,26.864,3.290787100335185,-6.057325692172226,-1.1100363659545107,-0.8111422127472911,-0.8574626128092613,-0.8373899574347549,3.0761553951322242,-1,0,0,0,0,0,0,0,1,0,0,0,1,0
2026-01-08,25.672,3.245400903807556,-6.0642638927243615,-0.9020041411829265,-0.7097839464831687,-0.7644697223389871,-0.7359474605365378,3.0564850983649716,-1,0,0,0,0,0,0,0,1,0,0,0,1,0
2026-01-09,25.071,3.2217117996874087,-6.076658827913363,-0.9585575073088295,-0.6548425946759545,-0.7096538487138543,-0.6802370961309198,3.059841618684097,-1,0,0,0,0,0,0,0,1,0,0,0,1,0
2026-01-10,24.037,3.1795943098665247,-6.100075487771288,-0.7702996292896707,-0.5465491325355715,-0.5996886416564906,-0.5708106463611191,3.0942546908117636,-1,0,0,0,0,0,0,0,1,0,0,0,1,0
2026-01-11,24.432,3.1958937484762764,-6.115771805789933,-1.141614174185257,-0.6037193009514344,-0.6555313004126144,-0.6274365738226448,3.1121551683055895,-1,0,0,0,0,0,0,0,1,0,0,0,1,0
2026-01-12,23.75,3.1675825304806504,-6.137959755839892,-1.0523018881454576,-0.5320351142738877,-0.5794885487878016,-0.5543150610050546,3.14722851853411,-1,0,0,0,0,0,0,0,1,0,0,0,1,0
2026-01-13,25.749,3.2483957914041923,-6.1325027280520565,-0.46296985199853835,-0.7722091700181709,-0.8192507737218802,-0.7944798953812783,3.0961720630130043,-1,0,0,0,0,0,0,0,1,0,0,0,1,0
2026-01-14,25.965,3.256749477296282,-6.122842569996498,-0.9857624070035473,-0.796333264491924,-0.8426376014031145,-0.8195073188431183,3.0349475381425313,-1,0,0,0,0,0,0,0,1,0,0,0,1,0
2026-01-15,24.722,3.2076935354656313,-6.126888640732133,-1.1218012938885387,-0.6860115925703463,-0.7278395457648708,-0.7087953560949672,3.0307456484105715,-1,0,0,0,0,0,0,0,1,0,0,0,1,0
2026-01-16,24.994,3.218635796063592,-6.125635714460664,-1.435870346154861,-0.7190373690145215,-0.7596498027733527,-0.7428480940146938,3.0127964374110405,-1,0,0,0,0,0,0,0,1,0,0,0,1,0
2026-01-17,25.419,3.2354969258844366,-6.117428515251511,-1.4729869909250715,-0.7651834898020222,-0.8051332223873523,-0.7900955163040235,2.9747822448666086,-1,0,0,0,0,0,0,0,1,0,0,0,1,0
2026-01-18,24.456,3.1968755845885335,-6.119606761156062,-1.3356065170566378,-0.6781590205861412,-0.7150946423773016,-0.7025344937818521,2.974280260387969,-1,0,0,0,0,0,0,0,1,0,0,0,1,0
2026-01-19,23.714,3.1660655910358786,-6.129427214738697,-1.2708040411428811,-0.6043091482097029,-0.6395620628083809,-0.6274582755318789,2.994334073777687,-1,0,0,0,0,0,0,0,1,0,0,0,1,0
2026-01-20,20.982,3.043664927309294,-6.1747784035131,0.39283591636635196,-0.2752279064676576,-0.3008134293616605,-0.2932632406348888,3.041571364899909,-1,0,0,1,0,0,1,0,1,1,1,0,3,1
2026-01-21,21.528,3.0693544134246045,-6.208690668093791,-0.7218466722354362,-0.3714771993936047,-0.39574653087155515,-0.38939920167756803,3.091117155031861,-1,0,1,0,0,0,1,0,1,0,1,0,2,1
2026-01-22,21.44,3.0652583362026014,-6.240781736590197,-0.9077709794231994,-0.36805060713179744,-0.3898536128993646,-0.3847852448500276,3.140491639142345,-1,0,1,0,0,0,1,0,1,0,0,0,1,0
2026-01-23,22.634,3.1194532005437496,-6.253547572191046,-1.0177685698329948,-0.5428727092553196,-0.5670223159512053,-0.5605387702821343,3.171271645764324,-1,0,1,0,0,1,2,1,1,0,0,0,1,0
2026-01-24,23.204,3.144324677603818,-6.256604925971315,-1.1362736637933883,-0.6169697333977063,-0.6430646782298872,-0.6344697888689453,3.182798942911332,-1,0,1,0,0,1,2,1,1,0,0,0,1,0
2026-01-25,22.193,3.099776923840592,-6.2711243509416,-1.2166900437093977,-0.5079172790333267,-0.5345058434301898,-0.5222809029671013,3.2183937585464313,-1,0,1,0,0,1,2,1,1,0,0,0,1,0
2026-01-26,24.931,3.2161120090454696,-6.248537657741989,0.2547256557254407,-0.8232100304797071,-0.8525581526753819,-0.8427476502849585,3.147338609991173,-1,0,1,1,0,1,3,1,1,1,0,0,2,1
2026-01-27,30.8,3.427514689979529,-6.161473539255317,2.310684202154737,-1.199092930496175,-1.241638357870858,-1.227642780077134,2.824095133774776,-1,0,0,1,0,0,1,0,1,1,0,0,2,1
2026-01-28,34.428,3.538870186787228,-6.04150749992555,2.6171825471063657,-1.2389497006339438,-1.3130469446610682,-1.2841976709961354,2.5970086254781477,-1,0,0,1,0,0,1,0,0,1,0,0,1,0
2026-01-29,30.79,3.427189961936409,-5.956341044104638,0.7596510808868646,-1.2407789059249321,-1.2830773448550414,-1.2690243470409637,2.493724910768355,-1,0,0,1,0,0,1,0,0,1,0,0,1,0
2026-01-30,30.623,3.4217513606099046,-5.873184911198866,0.3340350183748724,-1.240442963566411,-1.2823834951821753,-1.2681652509932495,2.404899453698631,-1,0,0,1,0,0,1,0,0,1,0,0,1,0
2026-01-31,31.012,3.4343742263567125,-5.786620657534637,0.15776235816792417,-1.2546749515813105,-1.2969437774077255,-1.2825828922029978,2.329508318827117,-1,0,0,1,0,0,1,0,0,1,0,0,1,0
2026-02-01,30.573,3.420117266514666,-5.7047458752435105,-0.17329024044450714,-1.2476929198978979,-1.2883518360083246,-1.2746182676080697,2.2814103787395497,-1,0,0,0,0,0,0,0,0,0,0,0,0,0
2026-02-02,33.282,3.5050167103011525,-5.597983929392914,0.22784460782152305,-1.3122067561500002,-1.3535829973722948,-1.3401008434002377,2.199324870785952,-1,0,0,1,0,0,1,0,0,1,0,0,1,0
2026-02-03,32.695,3.4872221610132392,-5.497610883303246,-0.06762883467527425,-1.3093163988432763,-1.3512596548613964,-1.3383613490061728,2.1329207320895063,-1,0,0,0,0,0,0,0,0,0,0,0,0,0
2026-02-04,35.48,3.5689691574413787,-5.374013685908156,0.2810414873416267,-1.3038730282996658,-1.36966621531029,-1.3406824425913157,2.037575513775778,-1,0,0,1,0,0,1,0,0,1,0,0,1,0
2026-02-05,33.087,3.4991404559921198,-5.272742434738235,-0.28917135583831577,-1.3376843437308474,-1.3789731711486406,-1.3665862431960185,1.9800147533299464,-1,0,0,0,0,0,0,0,0,0,0,0,0,0
2026-02-06,32.377,3.4774482941734157,-5.178814693317742,-0.524929284805217,-1.332598650942975,-1.3759709336145118,-1.3610272266722823,1.9340789979467827,-1,0,0,0,0,0,0,0,0,0,0,0,0,0
2026-02-07,31.401,3.4468397395408563,-5.094600465517015,-0.7877468974261279,-1.3198775587082678,-1.3617533780913034,-1.3467178877966652,1.9001516599348551,-1,0,0,0,0,0,0,0,0,0,0,0,0,0
2026-02-08,32.441,3.479423054912664,-5.001369690521381,-0.697053446540935,-1.3442961568207323,-1.3881621670654667,-1.3722330063701105,1.8588313646655004,-1,0,0,0,0,0,0,0,0,0,0,0,0,0
2026-02-09,31.329,3.4445441861655213,-4.9190738329126855,-0.9525549131788353,-1.3295563949046072,-1.3709065926571815,-1.3557375835205272,1.8293733818304752,-1,0,0,0,0,0,0,0,0,0,0,0,0,0
2026-02-10,28.842,3.3618326581398787,-4.861316184154687,-0.523224783765025,-1.2691108012347199,-1.3049419522887415,-1.2915383012885482,1.8195242527120123,-1,0,0,0,0,0,0,0,0,0,0,0,0,0
2026-02-11,29.38,3.380314170745731,-4.7980316339843805,-1.1582167958360137,-1.292588012475176,-1.3293652046671545,-1.315338513788254,1.80617570190927,-1,0,0,0,0,0,0,0,0,0,0,0,0,0
2026-02-12,31.09,3.4368862240706624,-4.718249861801673,-1.034306558914207,-1.3485872270460066,-1.3887660147855805,-1.3733224668242594,1.7808936376062725,-1,0,0,0,0,0,0,0,0,0,0,0,0,0
2026-02-13,31.563,3.4519855484942603,-4.63448412732875,-1.149985412254231,-1.3627767747753894,-1.404030214931067,-1.3878285071868746,1.7714485752958864,-1,0,0,0,0,0,0,0,0,0,0,0,0,0
2026-02-14,31.835,3.4605663134689886,-4.548756186603918,-1.1535898270397085,-1.3719745410775994,-1.4139028833762481,-1.3970925949215036,1.8023051080688681,-1,0,0,0,0,0,0,0,0,0,0,0,0,0
2026-02-15,30.699,3.424230080772728,-4.474183347416281,-1.3315061408533801,-1.353643710559661,-1.393187558859849,-1.3784358196110036,1.8152021859018144,-1,0,0,0,0,0,0,0,0,0,0,0,0,0
2026-02-16,31.246,3.441891367989711,-4.394787910058736,-1.2961772233841755,-1.3704700952252309,-1.4109054168424742,-1.3957078457631005,1.833287792208638,-1,0,0,0,0,0,0,0,0,0,0,0,0,0
2026-02-17,29.502,3.384458057657857,-4.332494803971451,-1.010950580176785,-1.3322547064618255,-1.3685977194955445,-1.3547073500381226,1.8198225360605684,-1,0,0,0,0,0,0,0,0,0,0,0,0,0
2026-02-18,28.672,3.35592103679252,-4.2785031165369185,-1.0990494652177232,-1.3075480436719455,-1.3424644182471503,-1.3282815611108534,1.7896382170671332,-1,0,0,0,0,0,0,0,0,0,0,0,0,0
2026-02-19,29.0,3.367295829986474,-4.221043923758216,-1.5343309793834428,-1.3233664591588028,-1.3587397536436259,-1.3441310913289284,1.7669965994638885,-1,0,0,0,0,0,0,0,0,0,0,0,0,0
2026-02-20,30.364,3.413257696154522,-4.150143974643402,-1.2343112376020018,-1.371824384950202,-1.4088153815513507,-1.3942878049319243,1.7675924312223021,-1,0,0,0,0,0,0,0,0,0,0,0,0,0
2026-02-21,29.73,3.3921566370100065,-4.085614957442003,-1.6178076680617763,-1.3583610819073275,-1.3942277721471612,-1.3794617147412365,1.7562014014506595,-1,0,0,0,0,0,0,0,0,0,0,0,0,0
2026-02-22,29.015,3.367812937642572,-4.028252072228165,-1.6611020123371225,-1.3394017065891635,-1.3768330328688254,-1.3588495848276403,1.7316984866937206,-1,0,0,0,0,0,0,0,0,0,0,0,0,0
2026-02-23,26.368,3.2721511537270613,-3.9986383624994324,-0.2533207183774502,-1.2344556650367717,-1.2740157423990195,-1.2488028135358171,1.6558805272324835,-1,0,0,0,0,0,0,0,0,0,0,0,0,0
2026-02-24,27.08,3.298795448044074,-3.9606195942629334,-1.3135904149732962,-1.2765084376570859,-1.3166772450403625,-1.2914307576544932,1.6372887576718755,-1,0,0,0,0,0,0,0,0,0,0,0,0,0
2026-02-25,27.884,3.3280530476241523,-3.9135976872141693,-1.5171090400283718,-1.3181835631557612,-1.3587079742646604,-1.3338935918984292,1.6361173309779409,-1,0,0,0,0,0,0,0,0,0,0,0,0,0
2026-02-26,28.108,3.336054233329951,-3.8639534290616813,-1.6545041641842393,-1.330896340060752,-1.372146831554809,-1.3464291072400165,1.6338508129712612,-1,0,0,0,0,0,0,0,0,0,0,0,0,0
2026-02-27,27.279,3.3061171754118854,-3.822820910517067,-1.5495476287813024,-1.2967022704788973,-1.3414807240920852,-1.3121503580210514,1.635115674986223,-1,0,0,0,0,0,0,0,0,0,0,0,0,0
2026-02-28,31.204,3.4405462917260667,-3.741985705223968,0.4985113217656294,-1.4524324761468,-1.4911128595704617,-1.472328905786894,1.616788330190094,-1,0,0,1,0,0,1,0,0,1,0,0,1,0
2026-03-01,31.53,3.4509394735569696,-3.658635210329917,-0.28358614717476227,-1.4622738182608594,-1.5011157188501887,-1.482358810214508,1.5972883339837916,-1,0,0,0,0,0,0,0,0,0,0,0,0,0
2026-03-02,32.809,3.4907028679958825,-3.564295758918706,-0.286552799695571,-1.4851269606148587,-1.523562202906405,-1.5069743781532774,1.5713635092532487,-1,0,0,0,0,0,0,0,0,0,0,0,0,0
2026-03-03,31.288,3.443234637453213,-3.4846940294998654,-1.0950184932259501,-1.4709265590390233,-1.51063418698125,-1.4900740255087386,1.5675471345565362,-1,0,0,0,0,0,0,0,0,0,0,0,0,0
2026-03-04,32.145,3.47025691759365,-3.397771529274299,-1.0427775165002373,-1.4891209836835486,-1.528528443830501,-1.509321903337878,1.5831815881926434,-1,0,0,0,0,0,0,0,0,0,0,0,0,0
2026-03-05,30.535,3.418873566675098,-3.3264616118621584,-1.1304560145280331,-1.4678863049080615,-1.5098503221229622,-1.485100885718895,1.5797294404551159,-1,0,0,0,0,0,0,0,0,0,0,0,0,0
2026-03-06,31.019,3.4345999199624813,-3.2509240957092196,-1.5983370633896974,-1.4821357186759068,-1.5239569118064513,-1.4997911295001052,1.580910387935863,-1,0,0,0,0,0,0,0,0,0,0,0,0,0
2026-03-07,30.288,3.410751594466967,-3.1827153154784003,-1.6725808739101686,-1.470840330183024,-1.5146556378711828,-1.489195780377642,1.5722510636081928,-1,0,0,0,0,0,0,0,0,0,0,0,0,0
2026-03-08,30.685,3.4237739358410604,-3.111005515398046,-1.807327942314494,-1.483764644345576,-1.528471739813067,-1.5023704676446163,1.5677632612048575,-1,0,0,0,0,0,0,0,0,0,0,0,0,0
2026-03-09,34.661,3.545615135573508,-3.004486895391267,0.25121551028369016,-1.472255868219985,-1.5728778387385765,-1.5432265970683368,1.5972460306007945,-1,0,0,1,0,0,1,0,0,1,0,0,1,0
2026-03-10,34.151,3.5307918681649397,-2.9036820428048586,-0.8101883859034711,-1.5155330063454753,-1.576833133930554,-1.5582746852221552,1.621540014208281,-1,0,0,0,0,0,0,0,0,0,0,0,0,0
2026-03-11,36.206,3.589224850953752,-2.7874489071497193,-0.5067754795602599,-1.3269949027268497,-1.4584733085724826,-1.4048881324857672,1.656213026149728,-1,0,0,0,0,0,0,0,0,0,0,0,0,0
2026-03-12,37.248,3.6175982521089725,-2.6650808818468645,-0.5366470190050043,-1.2093106919768208,-1.3348146590389334,-1.285958038000733,1.6936736922975633,-1,0,0,0,0,0,0,0,0,0,0,0,0,0
2026-03-13,36.43,3.5953926110204724,-2.551181390194293,-0.9770681446650775,-1.2903111690689373,-1.421807943765802,-1.370739460225381,1.7260288827882062,-1,0,0,0,0,0,0,0,0,0,0,0,0,0
2026-03-14,37.793,3.632123900291463,-2.428903076470726,-0.8480224219954418,-1.1492874153520432,-1.2751285527054523,-1.2276917093999278,1.7631203819896357,-1,0,0,0,0,0,0,0,0,0,0,0,0,0
2026-03-15,37.242,3.6174371566595704,-2.312974726939515,-1.1103164189746728,-1.202237454618269,-1.3297490024023173,-1.2832776867743214,1.7960942750369464,-1,0,0,0,0,0,0,0,0,0,0,0,0,0
2026-03-16,40.784,3.70828984763376,-2.1741562738721116,-0.35416140123459683,-0.8511802345783678,-0.9577212632510476,-0.9211908108436889,1.8375598755524092,-1,0,0,0,0,0,0,0,0,0,0,0,0,0
2026-03-17,41.146,3.717126717052039,-2.036232221799245,-0.6767170433098058,-0.8086605552401617,-0.9118573501535312,-0.8778667641118765,1.8792455776612182,-1,0,0,0,0,0,0,0,0,0,0,0,0,0
2026-03-18,42.079,3.7395488038885247,-1.8956106965448811,-0.6532104554416285,-0.7068299760030515,-0.8025471127893461,-0.7735072856824834,1.9211097814850422,-1,0,0,0,0,0,0,0,0,0,0,0,0,0
2026-03-19,39.329,3.6719621602369257,-1.7762773724614165,-0.8104288278331544,-1.0171007805699503,-1.1214995813413915,-1.0893455887371377,1.9551107314001102,-1,0,0,0,0,0,0,0,0,0,0,0,0,0
2026-03-20,39.528,3.677009281543449,-1.6579781351248608,-1.1643071390130597,-0.9996727741855017,-1.1020449440144093,-1.070741172473,1.9881478852278194,-1,0,0,0,0,0,0,0,0,0,0,0,0,0
2026-03-21,39.135,3.6670172072568015,-1.5445888013727112,-1.2491510650061945,-1.037370177233075,-1.1379906355124947,-1.1085141784868895,2.0161515116080175,-1,0,0,0,0,0,0,0,0,0,0,0,0,0
2026-03-22,38.342,3.646545901097858,-1.4385623588566738,-1.3732186784860976,-1.1084272550582508,-1.2067335325809116,-1.1805223929812718,2.034542729039391,-1,0,0,0,0,0,0,0,0,0,0,0,0,0
2026-03-23,37.341,3.6200919186869505,-1.3410763418194316,-1.4308763224795387,-1.1912780524752775,-1.2913847006122534,-1.2651675168383412,2.039032567211058,-1,0,0,0,0,0,0,0,0,0,0,0,0,0
2026-03-24,40.321,3.6968724250428604,-1.2257023138438825,-0.6232476116802736,-0.9765008314416125,-1.0610579698325204,-1.0376255201782933,2.0689802297214226,-1,0,0,0,0,0,0,0,0,0,0,0,0,0
2026-03-25,40.308,3.696549960418156,-1.1127143041416239,-1.2275340721354493,-0.9808326682691203,-1.0648291414207984,-1.0388785385156167,2.09618298543105,-1,0,0,0,0,0,0,0,0,0,0,0,0,0
2026-03-26,39.149,3.667374879326426,-1.0091768017580531,-1.423854421349332,-1.0819559007529802,-1.167791864299989,-1.1408063935374368,2.1096515807046035,-1,0,0,0,0,0,0,0,0,0,0,0,0,0
2026-03-27,38.658,3.6547537393845606,-0.9105623002507764,-1.4676610028339625,-1.1234006163919519,-1.2110381582235257,-1.1834700352617251,2.114358305853564,-1,0,0,0,0,0,0,0,0,0,0,0,0,0
2026-03-28,39.462,3.675338183547269,-0.8085523868900064,-1.429238770045517,-1.0692876398780247,-1.1517373338001384,-1.1234516160002148,2.125291556861171,-1,0,0,0,0,0,0,0,0,0,0,0,0,0
2026-03-29,37.838,3.6333138886642278,-0.7185383365920811,-1.306798526215792,-1.1945116462856045,-1.2822478158950266,-1.252246375004481,2.112480138649908,-1,0,0,0,0,0,0,0,0,0,0,0,0,0
2026-03-30,36.839,3.606557066610438,-0.6363312398130906,-1.3297494952857876,-1.2634918449860377,-1.355337623377399,-1.3231714057471275,2.082686661900407,-1,0,0,0,0,0,0,0,0,0,0,0,0,0
2026-03-31,36.599,3.6000209176296853,-0.5567896553178181,-1.5176745563151417,-1.283193371292241,-1.3722038669483319,-1.3411479228499574,2.048641796267288,-1,0,0,0,0,0,0,0,0,0,0,0,0,0
2026-04-01,36.025,3.5842131418855856,-0.4820571734144043,-1.5342929160971859,-1.320654673139159,-1.4107224203615722,-1.3788818267931702,2.005717220703898,-1,0,0,0,0,0,0,0,0,0,0,0,0,0
2026-04-02,35.188,3.5607051153904283,-0.4138279269608232,-1.4639703583492325,-1.3685788893013289,-1.4623689066620063,-1.429046612941772,1.9508720756798803,-1,0,0,0,0,0,0,0,0,0,0,0,0,0
2026-04-03,35.602,3.5724018160552413,-0.34351925600234934,-1.6842984717286336,-1.3576288122250202,-1.446163045668722,-1.4127653034336776,1.9055341289744918,-1,0,0,0,0,0,0,0,0,0,0,0,0,0
2026-04-04,36.361,3.5934967716813593,-0.26896589652502595,-1.6987217493460274,-1.3286478904302539,-1.4029242973250118,-1.3710090475629537,1.8726716206828113,-1,0,0,0,0,0,0,0,0,0,0,0,0,0
2026-04-05,36.844,3.606692783125989,-0.19218747064130326,-1.6769629735344769,-1.30991134756406,-1.375954394342947,-1.3419990555733048,1.84645960582772,-1,0,0,0,0,0,0,0,0,0,0,0,0,0
2026-04-06,36.289,3.591514665044815,-0.1199814702917728,-1.7210352283000514,-1.3281246113595426,-1.4083904438028743,-1.3720690361539327,1.8132196198565902,-1,0,0,0,0,0,0,0,0,0,0,0,0,0
2026-04-07,38.601,3.6532781828709626,-0.03406631460541688,-0.9002269007722168,-1.126435214121811,-1.2731738582079803,-1.2318489002882165,1.806449068374234,-1,0,0,0,0,0,0,0,0,0,0,0,0,0
2026-04-08,38.738,3.6568210304200472,0.0513746261362422,-1.3687039707600421,-1.1210915935264727,-1.2604096110424192,-1.2138153987883844,1.7994957928584607,-1,0,0,0,0,0,0,0,0,0,0,0,0,0
2026-04-09,39.452,3.6750847430917473,0.13977709101731953,-1.412064144581465,-1.0653772959853658,-1.2054017467772087,-1.1551193261479589,1.7978110138468353,-1,0,0,0,0,0,0,0,0,0,0,0,0,0
2026-04-10,41.577,3.7275471297547753,0.23893704133184668,-1.0723588604708938,-0.8611790866021408,-1.0468681189008495,-0.9713639974526487,1.811592433311471,-1,0,0,0,0,0,0,0,0,0,0,0,0,0
2026-04-11,42.242,3.7434149867619504,0.33987863848245775,-1.1172942138808948,-0.7957880570011663,-0.9926916333754808,-0.8988104623682918,1.8278670934232932,-1,0,0,0,0,0,0,0,0,0,0,0,0,0
2026-04-12,40.823,3.7092456480667875,0.4310372076375259,-1.4527854378170821,-0.965329850186857,-1.1051820590535324,-1.0450219758908168,1.8311004731114566,-1,0,0,0,0,0,0,0,0,0,0,0,0,0
2026-04-13,44.276,3.7904427695233776,0.5390434848502121,-0.5047965458618775,-0.6317156983181883,-0.8558571689076342,-0.744674029981626,1.8557653786805717,-1,0,0,0,0,0,0,0,0,0,0,0,0,0
2026-04-14,43.499,3.7727379493246516,0.6407134598365519,-1.288603889531078,-0.7382893109798554,-0.921016133279031,-0.8247224723630163,1.8740652610802389,-1,0,0,0,0,0,0,0,0,0,0,0,0,0
2026-04-15,44.619,3.7981597772785705,0.7459655545449211,-1.212412928305457,-0.6195596389109825,-0.8341089445130452,-0.7041121158290223,1.8969113509807616,-1,0,0,0,0,0,0,0,0,0,0,0,0,0
2026-04-16,43.787,3.7793369696745107,0.8447901055643836,-1.4006145800631848,-0.7292879982652413,-0.8963669394731844,-0.8010610764864866,1.9125079291183764,-1,0,0,0,0,0,0,0,0,0,0,0,0,0
2026-04-17,44.608,3.797913215138059,0.9456767243461445,-1.3692365372251118,-0.6492734293713728,-0.8302889047597725,-0.723812708199752,1.931322848087784,-1,0,0,0,0,0,0,0,0,0,0,0,0,0
2026-04-18,43.77,3.778948651202804,1.0403362720671803,-1.4194299465022975,-0.7535410173200806,-0.8919283307305547,-0.8205253661169278,1.9419634497871971,-1,0,0,0,0,0,0,0,0,0,0,0,0,0
2026-04-19,40.703,3.7063017998058054,1.1175182721302293,-0.6705944650018358,-1.0672525179934118,-1.140414614076708,-1.1124118298981467,1.9245113974941637,-1,0,0,0,0,0,0,0,0,0,0,0,0,0
2026-04-20,40.688,3.705933208679764,1.193408587605913,-1.2513865852456039,-1.0757015032297719,-1.1470091168021033,-1.118942297482043,1.9413579151969786,-1,0,0,0,0,0,0,0,0,0,0,0,0,0
2026-04-21,39.754,3.682710464968407,1.2631700264042915,-1.2565894780255387,-1.1484242706426209,-1.2054440336603374,-1.1830303004261131,1.9517743175535558,-1,0,0,0,0,0,0,0,0,0,0,0,0,0
2026-04-22,41.131,3.7167620951001887,1.3391617817368824,-1.451334154501391,-1.068774486452733,-1.131156548726256,-1.1070608741727284,1.9694757743647542,-1,0,0,0,0,0,0,0,0,0,0,0,0,0
2026-04-23,41.289,3.720596120665505,1.414758592919014,-1.5904087542297607,-1.0628507503282016,-1.1243165001770492,-1.1006876211107675,1.9871985653487143,-1,0,0,0,0,0,0,0,0,0,0,0,0,0
2026-04-24,41.146,3.717126717052039,1.4884222132957496,-1.6049641582096716,-1.0774411413939329,-1.1406284821113284,-1.1139041754486037,2.003385337485866,-1,0,0,0,0,0,0,0,0,0,0,0,0,0
2026-04-25,41.474,3.7250667248756484,1.5625983339316427,-1.595449910492301,-1.0583557104581793,-1.1272230056063188,-1.0969107468049868,2.020516068396794,-1,0,0,0,0,0,0,0,0,0,0,0,0,0
2026-04-26,42.428,3.7478085216432238,1.640339930720482,-1.5554246233308815,-0.991955574327846,-1.0708945150990234,-1.0390416272529095,2.0413558445629723,-1,0,0,0,0,0,0,0,0,0,0,0,0,0
2026-04-27,41.63,3.728821061206884,1.7128329387107069,-1.6024010562714888,-1.0588459981681873,-1.1310463132800128,-1.0961551175734985,2.057629069920379,-1,0,0,0,0,0,0,0,0,0,0,0,0,0
2026-04-28,40.164,3.69297107201719,1.7767732723277743,-1.4090952329580158,-1.165189411440894,-1.2202946836180886,-1.1901291647583943,2.0637564178722188,-1,0,0,0,0,0,0,0,0,0,0,0,0,0
2026-04-29,39.933,3.6872030497329917,1.8386276933871966,-1.6680841604571537,-1.1819963595661303,-1.2379713318522623,-1.2066226878697746,2.06739087623558,-1,0,0,0,0,0,0,0,0,0,0,0,0,0
2026-04-30,39.699,3.681325998459022,1.8984275531478092,-1.7216116964688064,-1.1967885152382947,-1.2554650909679064,-1.2229605278732139,2.068479734957564,-1,0,0,0,0,0,0,0,0,0,0,0,0,0
2026-05-01,41.15,3.717223927123079,1.964787200123125,-1.4054345068416847,-1.1269432638905275,-1.1849024916700222,-1.1522776539306443,2.079333516286241,-1,0,0,0,0,0,0,0,0,0,0,0,0,0
2026-05-02,41.254,3.7197480777764027,2.0306744628074,-1.656528489136628,-1.1238606399928426,-1.1817879921477172,-1.1495534869518633,2.0900648913278026,-1,0,0,0,0,0,0,0,0,0,0,0,0,0
2026-05-03,41.54,3.726656818447966,2.096986091972198,-1.6487962988827498,-1.1108870201437073,-1.1695432083033934,-1.1363560913230704,2.1017881622205903,-1,0,0,0,0,0,0,0,0,0,0,0,0,0
2026-05-04,41.805,3.7330159496020214,2.163585280190282,-1.642176361254403,-1.0989262379465325,-1.1598352847033697,-1.1239702273798804,2.1143177539250284,-1,0,0,0,0,0,0,0,0,0,0,0,0,0
2026-05-05,43.69,3.7771192429633444,2.2380799332908716,-1.2322264257493853,-0.9720225776616701,-1.051458805525325,-1.0145298213620841,2.1351864220151837,-1,0,0,0,0,0,0,0,0,0,0,0,0,0
2026-05-06,43.103,3.7635926002557922,2.3085756677407234,-1.5948113822001817,-1.023630164069248,-1.093223688244315,-1.0593054895497913,2.15288120790392,-1,0,0,0,0,0,0,0,0,0,0,0,0,0
2026-05-07,42.52,3.749974553473747,2.3751871587329076,-1.6285084467223045,-1.0710758505281794,-1.131016287096038,-1.097556604916163,2.1668609436724613,-1,0,0,0,0,0,0,0,0,0,0,0,0,0
2026-05-08,43.235,3.7666503524123933,2.444078827390383,-1.601462513297894,-1.024801151052178,-1.0935644916085616,-1.0583453469293664,2.183775640970574,-1,0,0,0,0,0,0,0,0,0,0,0,0,0
2026-05-09,42.91,3.7591048990034333,2.5103472438026664,-1.6226102545313215,-1.0532071791656457,-1.114904055336972,-1.0804602749343422,2.198285213900939,-1,0,0,0,0,0,0,0,0,0,0,0,0,0
2026-05-10,42.996,3.7611070881108173,2.5759592460099485,-1.6245679384704717,-1.0511770763545418,-1.1138056612427898,-1.0778666498307514,2.2124940533503663,-1,0,0,0,0,0,0,0,0,0,0,0,0,0
2026-05-11,41.995,3.7375505635775905,2.6358866666124694,-1.6534650215609465,-1.1112047420012765,-1.172558634041414,-1.138288367469222,2.2198278268953677,-1,0,0,0,0,0,0,0,0,0,0,0,0,0
2026-05-12,40.243,3.694936075696467,2.6865521278075475,-1.2557220268780205,-1.203481173193784,-1.2653916300438457,-1.2321457095499533,2.2125248259435115,-1,0,0,0,0,0,0,0,0,0,0,0,0,0
2026-05-13,38.821,3.6589613373266516,2.729501968664487,-1.140613923462989,-1.2693944213006418,-1.3313431437406855,-1.2983818930403224,2.1906732203734656,-1,0,0,0,0,0,0,0,0,0,0,0,0,0
2026-05-14,44.125,3.787026515253461,2.797072445183568,0.5054216836363206,-1.0557700811456572,-1.1138081566869498,-1.08148760297363,2.2082565236774316,-1,0,0,1,0,0,1,0,0,1,0,0,1,0
2026-05-15,44.168,3.7880005449817435,2.863709248356741,-0.4097668771608851,-1.0546468511573788,-1.1133278636585753,-1.0805355454329564,2.2253518903816065,-1,0,0,0,0,0,0,0,0,0,0,0,0,0
2026-05-16,41.811,3.733159462805482,2.9185801066931525,-1.0087266564175041,-1.187358957841291,-1.2509772263396552,-1.2140863975705853,2.228007172353729,-1,0,0,0,0,0,0,0,0,0,0,0,0,0
2026-05-17,45.7,3.822098297900159,2.989920777937416,-0.3086250213521424,-0.9983419776096651,-1.0585266710679961,-1.0249385995858982,2.249704184436246,-1,0,0,0,0,0,0,0,0,0,0,0,0,0
2026-05-18,47.74,3.865769620910684,3.068420818298864,-0.3643050965138528,-0.8806857346572354,-0.9374778518229913,-0.9051917112265779,2.275372015290449,-1,0,0,0,0,0,0,0,0,0,0,0,0,0
2026-05-19,48.036,3.871950729798437,3.146573339605765,-0.7300874297970681,-0.8639518502479262,-0.9181927784763246,-0.888076479461025,2.3011633809499683,-1,0,0,0,0,0,0,0,0,0,0,0,0,0
2026-05-20,54.802,4.003726689638359,3.2482931774327395,0.5559222595760485,-0.16101240445604745,-0.4696996411051854,-0.3469484305926342,2.3188263298550402,-1,0,0,1,0,0,1,0,0,1,1,0,2,1
2026-05-21,58.605,4.070820017175143,3.3600179938632193,0.5990626347848904,0.6011969208239211,-0.0285562606004282,0.28208309590200603,2.3229469731122987,-1,0,0,1,1,0,2,1,0,1,1,0,2,1
2026-05-22,54.629,4.000564877279444,3.455493176695722,-0.27987589983430494,-0.40491923744944824,-0.5263342932430508,-0.48017906514725806,2.344461413294497,-1,0,0,0,0,0,0,0,0,0,1,0,1,0
2026-05-23,58.727,4.0728995870106,3.561874736196526,0.061651575923139745,0.20026742525706995,-0.14498265206637445,0.03411284743382716,2.3537559887010615,-1,0,0,1,1,0,2,1,0,1,1,0,2,1
2026-05-24,62.792,4.139827676824512,3.6773786367552295,0.3457627829979968,0.8620666541153417,0.27656564115167825,0.6294651263267542,2.347444718208568,-1,0,0,1,1,0,2,1,0,1,1,0,2,1
2026-05-25,61.146,4.113264447074611,3.7845785551885154,0.013643996192701291,0.41608195517403884,0.037865812796285266,0.2527317278813662,2.3536713013273136,-1,0,0,1,1,0,2,1,0,1,1,0,2,1
2026-05-26,59.577,4.087269593550137,3.8841363676179332,-0.2509700334178193,0.09228157357664356,-0.178371909225509,-0.03243035476433746,2.3684617433812245,-1,0,0,0,1,0,1,0,0,0,1,0,1,0
2026-05-27,57.745,4.05603676556705,3.975616746553937,-0.5216952558766166,-0.20431823409960076,-0.3698799440679944,-0.2851484744949455,2.389718202161757,-1,0,0,0,0,0,0,0,0,0,1,0,1,0
2026-05-28,61.552,4.119882346009939,4.075727755697628,-0.2734741331331838,0.19172921312553498,-0.04429174299822384,0.0969684095311718,2.4018044928044846,-1,0,0,0,1,0,1,0,0,0,1,0,1,0
2026-05-29,64.442,4.165765594450363,4.180815735419043,-0.1279033868388435,0.47924891692222626,0.24165305163821763,0.3841881859789479,2.405983470175184,-1,0,0,0,1,0,1,0,0,0,1,0,1,0
2026-05-30,68.303,4.22395368947742,4.292488302336776,0.07031977902890274,0.8562084023427823,0.6147945768951852,0.7609298113661395,2.3979392216385444,-1,0,0,1,1,0,2,1,0,1,1,0,2,1
2026-05-31,72.093,4.277956952198978,4.40943719665096,0.23997218689797872,1.1921659959105058,0.957437848063065,1.0973962985081405,2.3787223408873532,-1,0,0,1,1,0,2,1,0,1,1,0,2,1
2026-06-01,73.665,4.299527788159318,4.525882118512337,0.2549851516460282,1.2338359590347578,1.0094337023352895,1.142803548548363,2.3602431140231346,-1,0,0,1,1,0,2,1,0,1,1,0,2,1
2026-06-02,69.849,4.246335769208221,4.6299947343694,-0.07394537660105804,0.6390082113584968,0.4370486293463258,0.5502954483455271,2.3627072531408566,-1,0,0,0,1,0,1,0,0,0,1,0,1,0
2026-06-03,74.575,4.311805330400812,4.74106218059309,0.14122486884019736,1.0162508489215556,0.7930479157050877,0.9200813131332746,2.3527126649030303,-1,0,0,1,1,0,2,1,0,1,1,0,2,1
2026-06-04,64.439,4.165719039876755,4.826257681158287,0.8040267193942694,-0.12045264127855546,-0.215481802195999,-0.18678601536991613,2.37340276962154,-1,0,0,1,1,0,2,1,0,1,1,0,2,1
2026-06-05,59.776,4.090604242606378,4.8979716706205965,0.851034267131928,-0.43784792533098416,-0.4942853492648015,-0.46809635621653556,2.3981196992480673,-1,0,0,1,0,0,1,0,0,1,0,0,1,0
2026-06-06,56.502,4.0342760357559815,4.959662326588452,0.8402408237552428,-0.6017474620227932,-0.6576390184928309,-0.6341728311518773,2.420644589599938,-1,0,0,1,0,0,1,0,0,1,0,0,1,0
2026-06-07,59.713,4.089549752137167,5.028294069840547,-0.20905046307310826,-0.4649944966851654,-0.5198818227325666,-0.4964243535473988,2.445337384479021,-1,0,0,0,0,0,0,0,0,0,0,0,0,0
2026-06-08,63.817,4.1560196125374524,5.105210665779424,-0.569115798251153,-0.28006525456248016,-0.34379404318021173,-0.31487441025106633,2.4687638522684736,-1,0,0,0,0,0,0,0,0,0,0,0,0,0
2026-06-09,57.786,4.056746531806782,5.165755228981133,-0.1558421226478468,-0.5884571032418536,-0.6477428238675309,-0.6222563629930605,2.491619213278464,-1,0,0,0,0,0,0,0,0,0,0,0,0,0
2026-06-10,53.308,3.9760864137174807,5.21331631918835,0.24294164532424167,-0.7877328255751503,-0.8524655006923785,-0.8217456354176069,2.5042574559796975,-1,0,0,1,0,0,1,0,0,1,0,0,1,0
2026-06-11,58.958,4.076825326003163,5.274600933277611,-0.13889936811299064,-0.576784372358249,-0.6462375393602718,-0.6111842437534337,2.527795836208298,-1,0,0,0,0,0,0,0,0,0,0,0,0,0
2026-06-12,59.298,4.082575578622102,5.335423481176299,-0.7994036347853295,-0.5660549525652581,-0.6385237694559085,-0.6010057921328881,2.551385149214,-1,0,0,0,0,0,0,0,0,0,0,0,0,0
2026-06-13,60.684,4.105680071885846,5.398276076543751,-0.8938790475140075,-0.5118040370525102,-0.5846960507489924,-0.5473106080337721,2.5757891136161994,-1,0,0,0,0,0,0,0,0,0,0,0,0,0
2026-06-14,63.863,4.156740163947074,5.4670483994560195,-0.6440122203175149,-0.3834331299414903,-0.45399494733632934,-0.418650420321992,2.600499694052635,-1,0,0,0,0,0,0,0,0,0,0,0,0,0
2026-06-15,66.868,4.202720526840384,5.5407451380543105,-0.46870824224088015,-0.2609261302132161,-0.3358356211588459,-0.2976911589984727,2.623453825756085,-1,0,0,0,0,0,0,0,0,0,0,0,0,0
2026-06-16,73.651,4.299337720548981,5.626209088722551,0.09672350395795659,0.025500684479911464,-0.050382359343294394,-0.01585469519917886,2.6355760755750706,-1,0,0,1,1,0,2,1,0,1,1,0,2,1
2026-06-17,71.158,4.2649027567253155,5.704547171690794,-0.38567263279098096,-0.11071676714754043,-0.18530249060655454,-0.14693380727431116,2.6543931771770954,-1,0,0,0,1,0,1,0,0,0,1,0,1,0
2026-06-18,68.349,4.224626932485023,5.775331071675864,-0.8345892107240487,-0.24552686324358894,-0.32158675501451994,-0.28403317115001503,2.677704915675299,-1,0,0,0,0,0,0,0,0,0,0,0,0,0
2026-06-19,70.288,4.2526010872334234,5.848215578186214,-0.7700164777380871,-0.17276393269622964,-0.2515719223389121,-0.21100880695070406,2.6995405832558776,1,0,0,0,0,0,0,0,0,0,0,0,0,0
2026-06-20,70.739,4.258997047403739,5.920155407192187,-0.84183042384893,-0.1628242844987402,-0.24328250346367858,-0.2015518781150102,2.7215479742956923,1,0,0,0,0,0,0,0,0,0,0,0,0,0
2026-06-21,66.936,4.2037369389932975,5.982914638598952,-1.042237056352754,-0.3335657857853979,-0.41634780409123895,-0.3743140017764169,2.746498351831494,1,0,0,0,0,0,0,0,0,0,0,0,0,0
2026-06-22,66.293,4.194084310923967,6.042953822392453,-1.1888359860132038,-0.3656593801555611,-0.45000426118854026,-0.4067060412395937,2.7714683202150505,1,0,0,0,0,0,0,0,0,0,0,0,0,0
2026-06-23,62.205,4.130435382366454,6.093226478015887,-0.8742950815581081,-0.5343888532987,-0.6189142217537894,-0.5757202277691537,2.7927339258353157,0,0,0,0,0,0,0,0,1,0,0,0,1,0
2026-06-24,63.943,4.157992061517584,6.14608022332549,-1.3172219303779114,-0.4753807750418708,-0.5615468068066706,-0.5169206478803323,2.815881888526784,1,0,0,0,0,0,0,0,1,0,0,0,1,0
2026-06-25,64.112,4.160631553893789,6.198150685131714,-1.317492977284182,-0.47390257150570125,-0.5601653934038486,-0.5157123566308919,2.8388662179701867,1,0,1,0,0,0,1,0,1,0,0,0,1,0
2026-06-26,64.388,4.164927280343983,6.249670743766832,-1.31509882593895,-0.46855075087100106,-0.5549700310094237,-0.510429872043851,2.861803565224893,1,0,1,0,0,0,1,0,1,0,0,0,1,0
2026-06-27,61.682,4.121992154150912,6.2945115058747705,-1.2845155544161764,-0.5737057838090355,-0.6596143572731433,-0.6156809144291127,2.879718913401926,1,0,1,0,0,0,1,0,1,0,0,0,1,0
2026-06-28,61.46,4.1183865567023386,6.337966471617499,-1.3996439010998427,-0.5854201063446637,-0.6712453577035765,-0.6275037736135634,2.8964902804929613,1,0,1,0,0,0,1,0,1,0,0,0,1,0
2026-06-29,66.922,4.203527762103593,6.391528961194213,-0.4408501223692256,-0.40582465050417177,-0.49207760844673015,-0.44761432072644425,2.9208923250189636,1,0,1,0,0,0,1,0,1,0,0,0,1,0
2026-06-30,65.061,4.17532529135438,6.4402931914326125,-1.325072711428984,-0.4797334357641853,-0.5642653828057126,-0.5216031068563857,2.9431252160542067,2,1,1,0,0,0,1,0,1,0,0,0,1,0
2026-07-01,62.371,4.133100423758865,6.482615890686811,-1.2986932859864682,-0.5805690320628158,-0.6631277528027228,-0.6223953189304314,2.959805109774329,1,0,1,0,0,0,1,0,1,0,0,0,1,0
2026-07-02,66.929,4.203632356017817,6.533068061655956,-0.7332665567384316,-0.4341684225521129,-0.5157519666220316,-0.47564156538585145,2.983468750990413,1,0,1,0,0,0,1,0,1,0,0,0,1,0
2026-07-03,70.677,4.258120201728957,6.589347825443291,-0.5319835889285764,-0.31007953519878895,-0.3903939617070657,-0.3512671494681188,3.008682602859104,1,0,1,0,0,0,1,0,1,0,0,0,1,0
2026-07-04,69.871,4.2466506847562,6.642899119375601,-1.0739703017723996,-0.3458687240213011,-0.4235155625454758,-0.38685439081169737,3.033753820616987,1,0,1,0,0,0,1,0,1,0,0,0,1,0
2026-07-05,71.364,4.267793540512457,6.697909401422983,-1.0962803000874943,-0.2996743239172141,-0.37544513264194507,-0.3424033998948517,3.0590515158296405,1,0,1,0,0,0,1,0,1,0,0,0,1,0
2026-07-06,70.608,4.257143452527192,6.750338530994771,-1.232244031260026,-0.3333103391016737,-0.40813944630182425,-0.3757106695013594,3.0841689283713043,1,0,1,0,0,0,1,0,1,0,0,0,1,0
2026-07-07,69.186,4.236798530017034,6.799062731121132,-1.2684184429956085,-0.3895330992494896,-0.46378557964618,-0.43156301193097424,3.1082183668343957,1,0,1,0,0,0,1,0,1,0,0,0,1,0
